Availability ,Coverage,LOC,Code Quality ,Bugs,Technical Debt,Effort
38,42,3988,100,319,1,30
28,151,1497,55,232,0,29
32,127,4251,65,924,1,12
13,165,3987,52,183,0,29
23,81,2652,78,723,1,50
12,181,4986,81,447,1,15
12,121,2234,8,361,1,100
36,114,1438,96,678,0,12
48,26,1215,10,344,1,65
40,108,3666,43,767,0,86
49,174,4043,53,129,0,74
35,43,4157,57,672,0,31
35,135,2157,49,459,0,77
34,82,1636,24,423,1,77
47,131,4726,60,630,1,46
19,187,4052,8,503,1,89
46,177,1808,22,728,1,59
18,163,4043,40,718,1,74
50,84,4147,75,323,0,76
47,120,1039,71,550,1,33
47,141,3627,21,785,1,97
41,45,4576,79,777,1,42
20,74,3432,51,641,0,42
16,103,2259,9,374,1,39
38,142,4866,68,980,0,10
28,143,4698,49,92,0,84
43,190,3487,33,375,1,27
48,6,4311,57,220,0,71
44,142,4676,28,663,1,44
50,56,2741,88,857,1,70
20,152,2538,84,33,0,52
19,44,2850,29,445,1,46
18,147,1148,90,107,0,85
27,145,3561,55,691,0,48
11,160,1485,35,864,1,52
11,51,4410,30,150,0,23
21,5,3647,38,676,0,73
21,181,2494,92,572,1,24
45,62,3835,33,399,1,14
16,124,2831,2,381,1,97
32,196,4901,60,549,0,64
17,48,4937,2,445,1,54
28,98,3126,49,442,1,93
45,113,1720,56,581,0,47
34,127,1334,32,888,1,12
28,94,4463,61,821,1,83
28,44,1591,81,538,1,15
33,72,4124,49,847,1,40
50,173,3021,81,534,0,24
46,66,2267,72,471,0,78
32,27,2499,9,159,0,20
10,21,3251,23,410,1,82
50,178,3319,46,638,1,47
14,21,2371,6,58,1,73
46,71,4276,95,16,1,65
16,157,4017,14,33,0,35
50,139,3660,62,205,1,60
43,193,1638,76,336,1,98
15,81,2595,97,524,1,96
25,139,1395,58,939,0,46
50,76,3537,20,372,0,53
10,117,4634,48,909,1,97
21,115,2543,2,868,1,79
24,190,3979,40,46,0,67
26,173,4937,63,754,1,76
22,44,3697,63,158,1,10
23,136,3088,28,833,0,33
48,49,3342,92,214,0,52
26,108,1426,39,872,1,67
12,58,3237,53,990,1,34
38,143,3276,6,308,1,14
17,76,2487,24,852,1,80
33,159,3355,68,929,0,58
19,33,3560,34,520,1,69
28,97,1812,78,785,0,81
48,157,4967,52,740,0,86
25,64,2005,87,463,0,100
47,74,2105,35,401,1,57
37,175,4826,43,899,0,25
42,193,1738,71,819,1,39
21,73,3147,11,355,1,34
32,90,3708,75,707,0,97
29,122,2184,10,142,0,38
29,15,1548,15,245,1,38
36,53,3369,92,916,0,27
23,143,4380,47,227,0,46
19,6,2677,43,750,1,95
41,96,2873,65,977,0,40
38,96,1391,71,517,0,47
21,125,2840,35,592,0,94
33,180,1463,56,491,1,69
33,125,1179,62,701,0,48
15,25,2907,31,24,1,11
28,139,3434,37,537,0,90
32,198,1959,3,780,1,36
13,174,2257,88,136,0,28
47,107,2129,32,981,1,20
28,171,1498,38,340,0,77
19,52,2564,76,343,1,53
10,39,3780,86,292,1,27
34,136,2660,25,968,1,69
25,66,2561,57,258,0,72
45,122,2030,70,119,0,15
47,74,4464,34,476,0,33
34,184,2531,59,77,1,91
20,124,4384,31,100,0,29
15,145,1640,70,413,0,55
45,4,3525,2,923,1,23
11,84,4035,64,25,1,35
18,101,4923,60,149,1,90
20,184,3604,69,605,1,69
22,51,1775,16,474,0,96
50,168,1024,3,832,0,53
43,102,3558,15,681,0,70
11,55,3699,14,484,1,45
26,154,1882,78,88,1,18
35,33,3824,49,12,0,62
18,84,3869,52,283,0,55
35,18,4449,60,174,0,34
48,9,4138,47,582,1,62
28,195,4600,51,36,0,77
13,134,2077,37,373,1,30
14,133,2958,55,858,0,54
11,72,2491,67,633,0,21
50,27,2645,86,970,0,82
24,69,4413,27,136,0,84
49,167,2322,18,609,0,63
50,83,4018,100,163,0,86
23,144,4075,62,983,0,72
40,93,4196,44,342,0,15
27,28,3122,82,265,0,43
47,185,1869,57,161,0,83
30,141,3281,56,815,1,18
43,97,1052,11,927,0,36
11,163,3203,100,110,0,100
45,190,4754,9,803,0,98
38,178,1499,96,109,1,14
40,148,4185,43,103,1,66
37,62,3069,92,389,0,65
23,193,1947,96,370,1,19
24,121,3431,53,649,1,40
24,122,4460,7,254,1,40
24,45,2956,88,321,0,34
12,164,4208,51,272,0,55
21,12,3022,68,976,0,93
41,48,3896,38,755,1,89
43,192,3029,61,531,0,89
38,106,1938,21,120,1,16
21,135,3050,30,28,1,66
42,24,4838,93,26,0,96
46,45,2288,67,699,1,87
19,10,4687,37,977,0,78
38,36,4900,30,342,1,82
30,13,1093,78,217,0,80
26,83,1306,94,31,1,15
27,143,4827,39,747,1,76
18,197,4178,95,491,1,57
26,182,1757,33,729,0,94
25,12,1017,74,253,1,69
22,61,3418,65,940,1,20
15,55,2699,8,408,0,100
15,103,2946,86,817,0,56
50,10,2852,59,893,1,50
23,125,3704,82,821,1,17
44,77,2711,37,371,0,70
33,135,3659,3,162,1,78
21,33,1085,84,301,1,54
32,166,3845,90,529,1,68
18,7,4136,5,845,0,55
47,82,4810,9,36,0,80
21,199,4563,97,754,1,25
19,2,3786,57,264,0,74
45,8,1919,14,780,1,46
50,194,4490,13,786,0,63
48,147,1031,67,523,0,15
28,186,4990,90,483,1,81
31,116,3156,50,893,1,86
10,160,1769,21,51,1,35
20,130,1922,99,174,0,97
27,32,4147,49,563,0,64
40,171,2756,24,521,1,61
50,8,4387,87,87,1,21
33,180,2564,28,827,0,53
25,102,4882,85,558,1,54
43,61,4989,21,530,1,72
16,56,3920,27,835,0,68
29,178,3276,7,318,1,73
13,164,4233,43,494,1,64
31,78,1339,25,176,0,45
26,109,3747,39,875,1,72
35,50,3485,72,436,0,83
12,93,1827,74,536,1,54
15,171,1385,73,119,1,78
22,26,1779,22,731,1,69
10,70,2609,4,270,0,68
36,84,1554,76,842,1,36
40,20,4710,55,807,1,10
32,145,2398,87,277,1,44
16,8,4624,45,28,1,50
48,78,4017,6,857,0,12
32,5,1628,13,201,0,87
13,92,3958,50,443,1,23
16,117,2097,84,311,0,57
12,85,2429,48,189,1,42
30,5,1037,10,383,0,48
27,9,1704,29,194,0,40
49,80,3283,26,325,1,10
36,8,4815,72,203,0,47
26,198,3515,34,654,1,62
35,133,2450,43,61,1,48
24,52,4474,63,114,1,20
38,9,3095,38,260,0,82
20,151,3355,10,560,0,62
34,72,3662,98,385,1,55
18,122,2409,17,224,0,75
47,17,3723,99,365,0,91
21,129,3651,10,358,0,37
19,152,4440,11,273,1,43
11,86,3174,7,746,0,76
49,182,2744,10,979,1,27
33,134,2340,72,579,1,70
44,47,2667,71,85,1,67
10,59,2309,58,898,0,15
29,136,4163,38,253,0,52
45,194,2789,94,218,0,80
22,112,2261,74,344,0,22
39,107,4822,59,848,1,20
27,181,1661,81,117,1,16
40,84,1858,52,328,1,28
41,79,4604,92,453,0,63
33,119,2181,78,824,1,21
42,76,3187,56,370,0,59
17,189,2475,56,956,1,53
12,14,1934,96,774,0,74
28,13,2328,18,469,1,22
21,11,2896,44,368,1,14
33,92,4286,29,736,0,35
20,84,2114,45,243,0,99
38,199,1313,8,955,0,73
32,77,2580,71,723,1,12
13,46,1013,67,625,0,21
24,77,2646,2,991,1,84
26,123,4170,63,850,1,83
39,126,2989,10,480,1,27
20,124,1834,24,652,0,54
15,11,4308,19,287,0,64
27,123,3127,11,185,0,80
30,81,3354,94,292,1,21
11,71,3007,17,666,0,25
46,83,2961,73,785,1,91
40,104,1352,86,20,1,47
26,188,1983,6,693,0,92
39,115,3398,20,236,1,30
41,104,4724,32,819,1,63
17,70,4463,30,212,0,12
41,101,2339,46,415,1,76
28,148,4647,12,94,0,16
41,4,2163,67,395,0,40
42,49,3576,35,383,0,21
45,59,3540,39,825,1,60
17,150,3694,75,239,0,55
22,174,1783,68,111,1,14
44,19,3021,66,449,1,32
19,155,4346,95,906,0,48
35,157,1866,99,31,0,94
38,27,3488,34,107,0,45
38,167,2895,66,45,0,56
40,8,3297,5,587,1,43
32,130,3423,3,430,0,34
38,39,1739,77,874,0,98
38,52,3844,13,640,0,24
33,112,1578,3,250,0,50
46,103,4304,22,95,0,56
19,48,1454,11,624,1,23
12,53,1182,44,339,1,60
14,160,4607,99,650,0,13
50,84,3283,40,826,1,51
33,26,2811,33,396,1,51
42,171,4875,20,910,0,66
48,161,4205,99,757,0,100
13,171,2775,52,623,0,81
48,50,1389,99,784,1,100
20,188,2705,53,745,0,98
10,124,3704,27,685,1,20
17,110,1407,95,41,0,75
25,38,2922,20,884,0,82
12,179,3624,20,236,1,71
31,162,2183,58,160,1,45
49,189,2427,60,113,0,83
42,117,2076,100,404,0,19
44,9,1668,46,895,0,36
11,69,2227,3,619,1,99
21,25,1924,21,565,1,31
47,102,1563,18,297,0,50
45,20,2027,6,447,1,99
15,162,1176,27,703,1,77
36,193,1431,35,658,0,77
31,120,4966,8,991,0,56
31,23,1178,46,595,1,98
29,149,2108,9,435,0,85
48,151,3832,14,552,0,35
40,112,2007,40,260,1,94
23,162,2252,43,996,1,91
15,175,4748,70,696,1,69
18,182,3982,78,893,1,32
29,183,1811,33,640,0,100
48,167,4173,7,399,0,58
10,182,2309,13,660,1,95
31,93,2291,99,666,0,53
48,184,4943,48,269,0,51
19,124,2376,66,163,1,69
19,161,1466,70,408,0,41
36,126,4963,33,739,0,58
30,145,3381,66,48,1,62
34,3,1851,14,792,1,58
23,19,1644,68,239,0,68
14,172,2613,16,157,0,13
20,10,4009,72,552,1,89
30,104,1900,73,999,0,59
31,75,3470,88,886,0,18
41,27,1568,28,559,1,53
21,147,4739,88,174,1,86
26,36,3803,81,949,0,12
13,178,4492,78,100,0,79
28,150,4310,73,533,1,31
38,182,1478,55,778,1,50
30,199,3036,39,11,0,34
48,161,3334,53,883,1,16
33,182,4395,58,591,0,49
40,200,3505,18,965,1,17
12,72,4826,40,222,0,19
43,105,1758,37,384,0,73
49,39,2776,29,472,0,36
26,6,1161,26,198,0,19
27,161,4485,97,575,1,97
25,162,1905,88,561,0,87
14,75,3268,98,558,0,18
35,40,3103,75,650,0,94
33,84,1284,59,924,1,53
38,115,3428,88,142,1,87
27,103,4842,25,637,0,18
10,193,3324,60,207,0,62
14,7,4257,92,793,0,11
25,99,2574,76,580,1,71
34,95,1055,27,409,1,42
43,50,4572,13,559,1,70
21,144,4362,26,331,1,68
20,30,1389,38,749,1,50
29,79,3268,28,548,0,87
32,123,4663,84,221,0,57
47,142,1064,2,967,1,90
18,49,3352,80,656,0,59
28,81,2829,53,813,1,44
20,73,3818,45,657,0,55
34,165,2344,27,301,0,80
10,115,1198,98,884,1,27
11,78,4418,16,460,1,78
21,101,4603,26,778,1,100
21,101,4466,94,693,1,63
22,90,3716,55,755,0,35
42,168,1877,59,658,1,46
49,62,1519,61,460,1,21
45,135,3235,86,399,1,81
50,106,1287,50,278,1,84
11,47,1391,88,420,0,42
33,161,3912,72,400,1,24
46,117,4352,35,735,1,85
23,61,1822,25,210,1,88
31,100,1078,5,860,0,47
27,97,3285,57,74,1,93
42,80,3988,96,631,1,50
20,77,4510,4,792,1,45
50,145,1127,62,31,1,80
16,25,1987,24,244,1,46
35,170,3351,41,653,0,24
49,7,2298,91,310,0,97
11,18,1997,28,815,1,11
12,35,1306,67,179,0,96
28,144,3930,10,123,1,62
34,32,1356,30,97,1,34
10,65,1972,81,146,1,29
12,199,4345,69,754,1,38
10,186,3881,57,681,1,88
39,33,2972,19,555,1,58
35,185,4937,72,335,1,78
42,69,2968,24,661,1,74
46,75,4377,46,705,1,59
31,135,1650,84,754,0,66
44,173,2170,15,980,0,86
16,157,3421,15,161,0,94
43,174,2606,89,555,0,21
15,176,1514,60,891,0,71
36,111,3625,12,569,0,72
25,106,4442,33,472,1,94
17,171,2949,62,892,1,23
15,76,4571,3,324,1,25
41,153,4407,12,40,1,99
50,82,2749,10,813,1,41
32,172,2331,85,127,0,100
20,56,4176,5,701,1,22
32,34,1954,28,237,0,71
16,171,2090,29,368,1,11
24,68,2890,5,70,1,29
41,111,1553,38,831,1,69
38,167,2468,10,265,1,32
42,40,4136,25,671,1,97
50,186,2336,90,40,0,98
17,165,4555,52,996,1,85
35,14,1133,80,241,1,14
21,38,4766,54,630,1,70
12,123,2415,61,107,1,83
17,81,1312,37,774,0,60
27,147,3984,52,93,1,36
46,135,4521,45,28,0,98
22,50,1560,10,712,1,16
29,19,3955,16,952,0,75
29,73,1362,80,937,0,53
21,25,2710,70,270,1,17
40,55,3765,38,71,1,45
15,12,1929,30,593,1,57
42,60,4442,36,416,0,51
17,44,4840,9,515,1,42
42,62,2325,91,355,1,67
10,46,3629,16,216,1,65
14,87,4383,83,52,1,30
35,52,4714,56,749,1,19
26,40,1218,6,65,1,52
12,171,4313,78,740,0,30
15,54,1841,84,960,1,80
34,97,1155,94,665,0,76
42,105,2641,66,819,0,68
34,5,1759,28,560,1,44
34,63,4909,44,557,0,23
45,92,4429,90,27,0,98
46,29,1728,54,92,1,31
19,56,2185,60,448,0,43
35,151,4128,61,711,0,78
36,84,4066,76,842,1,23
44,183,1681,11,30,0,100
21,70,3481,47,256,1,25
45,140,3937,52,867,0,59
12,163,2862,82,389,0,96
46,144,4105,69,708,1,88
42,114,2741,53,82,0,57
28,94,3828,15,491,0,95
16,48,4323,98,346,1,98
36,165,2286,87,323,0,98
32,146,1141,84,894,1,67
12,25,2003,73,763,1,80
19,19,2858,53,226,0,76
21,18,1035,70,499,1,60
15,150,3642,68,62,1,30
19,118,3008,74,588,0,76
41,1,4563,29,250,1,85
18,187,2568,8,606,1,37
46,28,4690,84,985,0,43
28,57,2047,25,683,0,89
20,176,1762,10,851,0,38
27,148,2691,63,710,1,75
16,196,1055,63,398,0,64
34,195,3946,10,340,0,85
10,44,4105,70,53,1,32
17,20,1961,72,120,1,83
16,58,1367,45,684,0,55
49,78,4445,72,432,1,14
10,12,2186,11,215,1,19
25,181,4915,22,382,1,57
16,77,2435,61,139,1,48
42,11,3850,97,509,1,92
46,163,4150,4,368,0,18
12,183,2995,39,868,0,30
17,120,1686,41,975,0,28
34,160,1702,94,516,0,24
44,12,3340,5,336,0,60
27,38,1105,12,437,1,72
13,189,1423,1,150,1,43
24,44,2038,40,979,0,42
50,125,2536,11,970,1,69
50,175,1698,85,788,0,94
49,89,2181,13,18,0,46
14,77,4982,64,275,1,55
24,148,3053,31,774,0,45
31,21,4577,16,881,0,89
17,37,2238,82,179,1,91
47,22,2440,51,361,0,81
25,132,4015,10,439,1,89
46,129,1543,97,957,1,12
34,153,2537,98,990,1,98
34,189,3025,23,743,1,38
41,3,3948,35,247,1,23
16,73,2716,29,162,1,53
10,126,1880,89,861,1,85
36,54,3925,2,329,0,55
28,94,3052,17,946,1,32
50,145,2829,65,15,1,27
20,86,4363,31,917,0,12
19,146,4780,93,840,0,69
28,130,3822,93,843,0,11
23,108,4386,68,746,1,66
19,128,3809,30,318,1,38
42,85,3363,79,34,0,25
38,141,3541,40,429,1,46
33,177,4991,1,392,1,57
28,40,1247,2,560,0,19
19,3,2857,6,887,1,14
12,150,1708,83,148,0,93
10,5,3137,7,13,0,33
14,80,2563,96,500,1,26
29,172,2163,71,87,1,52
28,189,4670,26,825,1,54
39,58,1100,18,676,1,98
20,136,3654,94,323,1,96
27,66,1306,8,900,0,99
13,178,4309,66,572,0,100
22,104,3590,44,323,0,58
43,118,2867,70,470,0,25
24,76,1083,54,80,1,63
42,150,2529,3,436,0,28
24,91,1655,75,383,0,34
50,116,4833,33,148,1,48
22,18,3526,60,450,1,72
34,83,1510,55,429,1,48
25,27,3087,56,515,0,72
33,67,3609,30,508,1,49
46,111,2283,18,394,1,83
49,117,1568,75,458,0,26
40,183,1277,26,417,0,70
46,2,2622,60,936,1,34
48,74,4022,50,327,1,36
21,161,2989,98,111,0,25
38,137,3910,6,124,0,98
24,12,2501,5,642,0,97
32,78,4608,33,719,0,56
26,115,3518,18,533,0,98
39,37,1111,25,482,1,10
40,41,1654,64,960,0,60
33,28,1253,95,192,0,63
40,170,3808,81,138,1,15
45,14,3938,86,952,1,34
35,88,4144,81,730,0,32
18,105,2850,93,187,0,21
49,141,4096,79,810,1,45
50,54,2671,24,62,1,60
45,131,3332,5,986,1,99
31,173,4548,22,79,1,77
39,139,3690,19,481,0,70
29,173,2925,75,192,0,65
32,40,2686,51,334,0,40
15,177,1818,51,183,0,36
31,171,4305,69,623,0,75
14,138,2912,76,319,0,61
36,197,2167,47,36,0,81
11,63,3310,36,797,0,32
31,185,1913,98,255,0,78
37,102,4647,56,249,1,35
35,71,2851,25,242,1,23
20,18,2048,51,707,1,88
46,33,4733,69,916,1,65
39,144,3401,67,179,0,69
20,71,3568,90,968,1,93
21,113,2502,57,126,0,88
12,24,3605,7,354,1,62
42,38,3219,89,505,0,42
19,11,4956,67,481,0,16
18,109,3513,73,950,1,32
17,151,2248,57,784,1,21
13,134,2990,90,319,0,48
23,66,2197,64,179,0,100
28,185,3197,7,155,0,74
12,173,4708,25,783,1,53
32,151,3748,10,433,0,64
33,151,4276,59,624,1,69
44,184,2923,71,671,0,92
47,185,1379,6,439,0,14
30,118,2868,23,631,0,82
12,74,1782,66,766,0,88
10,53,2136,5,193,1,10
31,83,1431,23,424,0,83
19,192,3963,31,519,0,57
10,185,3099,19,741,0,56
40,120,2629,49,633,1,98
32,57,2626,56,692,1,17
14,77,1946,49,377,1,48
44,130,3643,10,335,0,14
44,11,3398,52,880,0,39
32,89,2016,15,449,0,32
14,5,4351,17,167,0,49
12,168,1342,27,95,0,97
33,179,3780,91,646,0,85
40,67,1531,70,213,1,43
21,147,2351,64,73,1,82
49,196,3345,77,743,1,73
47,51,2398,75,250,0,79
30,200,2130,22,458,0,41
27,143,1668,73,968,0,50
48,151,4054,97,107,1,12
41,37,1200,85,207,0,67
13,71,4945,67,761,1,91
10,12,3411,24,738,1,47
50,125,2955,74,870,0,65
17,197,3475,45,601,0,98
36,177,4440,25,235,0,24
27,65,4368,40,141,1,53
13,168,4922,41,56,0,57
39,98,4230,78,525,1,39
10,185,2819,73,460,0,82
37,115,1138,54,908,1,88
14,105,3672,45,472,1,96
12,178,3113,57,412,0,11
46,4,2929,14,799,0,39
10,178,1315,29,286,0,46
36,78,2461,4,439,0,88
18,91,1122,14,497,1,74
33,161,2962,94,79,1,92
20,96,3443,46,456,0,52
10,109,4695,70,858,0,55
20,37,2857,77,41,1,10
22,120,3990,31,903,1,31
50,59,1021,25,222,1,47
13,132,4131,64,229,0,100
33,28,2023,15,55,0,50
38,61,4494,68,473,1,96
35,185,2127,25,300,1,76
48,68,2171,89,482,1,15
19,126,4773,86,911,0,25
24,85,3291,75,824,1,80
20,40,4154,60,990,1,12
15,104,4550,82,968,0,15
17,85,2208,5,603,0,96
26,121,2784,77,372,1,83
20,29,3522,52,396,0,15
11,104,1054,28,447,1,42
40,68,3019,30,492,1,58
33,197,4039,26,932,1,26
26,131,4387,73,245,1,71
17,145,4214,54,867,0,49
43,98,1617,86,490,1,17
27,156,1470,56,843,1,78
42,174,1767,94,698,1,80
38,44,1587,36,361,1,75
40,129,1429,57,452,1,36
32,3,3725,32,541,0,43
35,194,1339,57,184,0,22
21,78,4910,74,944,0,22
49,107,4296,58,244,1,66
17,74,1351,57,912,1,95
49,89,4630,66,490,0,39
36,76,1243,51,510,0,43
39,142,1468,38,694,1,97
44,199,4067,23,877,1,35
44,42,2752,47,217,0,34
41,93,1870,73,458,1,25
22,147,3166,12,417,1,70
40,19,2166,29,327,0,61
25,192,2730,41,24,0,61
10,31,1133,77,792,1,82
12,106,1362,86,927,0,47
24,167,4063,60,528,1,95
15,81,2532,12,597,1,76
23,191,2015,56,697,0,37
15,61,3050,2,628,1,58
15,197,2115,73,355,1,65
32,59,4085,28,670,1,38
29,42,3606,98,765,1,61
28,3,2742,95,814,0,18
39,93,2474,19,676,1,84
25,56,3254,67,930,0,84
27,120,1919,52,985,1,34
25,100,3452,92,896,0,73
17,167,4283,60,915,0,95
33,190,1810,37,754,0,76
29,82,4435,59,774,0,22
49,60,2045,51,225,0,90
36,179,3039,98,799,0,67
30,79,4394,95,974,1,65
50,200,3279,52,434,0,36
23,4,4965,80,625,1,34
16,79,4179,40,707,0,10
11,130,2130,35,142,1,11
19,82,2153,8,412,1,83
16,153,4493,28,937,0,90
35,182,3255,2,892,0,27
46,78,1114,34,851,1,37
28,37,4281,78,528,1,29
12,185,3891,44,463,0,81
20,180,4589,97,857,1,41
49,29,2807,66,39,0,62
29,81,1364,53,312,1,15
26,158,2290,57,249,1,30
23,73,1965,36,322,1,26
23,110,2552,90,991,0,17
35,96,4779,32,61,0,35
15,62,1289,11,105,1,99
11,99,2591,10,342,1,72
27,110,4553,3,931,0,98
41,52,3844,17,489,1,70
27,119,2991,34,155,0,35
37,83,1327,89,797,1,46
14,120,4764,10,258,0,87
23,52,1450,80,336,1,10
45,166,3401,74,200,1,19
17,186,3658,27,29,1,61
14,196,2688,9,383,1,18
14,89,1531,55,997,1,20
43,7,3284,42,542,0,32
15,106,1587,32,871,0,60
41,174,1968,23,128,0,27
12,80,3096,20,63,0,15
31,129,3103,11,702,1,33
18,115,1646,95,413,0,72
18,85,2335,16,343,0,54
16,36,4664,88,370,0,41
44,99,4812,88,53,1,24
33,156,3191,17,260,0,79
28,157,2184,33,560,0,55
25,18,2705,73,39,0,12
44,18,4241,49,814,1,66
42,137,1012,15,463,0,10
37,173,1007,56,697,0,58
36,142,1640,38,383,0,30
14,69,2287,61,45,0,59
14,4,2041,3,430,0,75
14,122,1891,35,41,0,27
38,56,1649,64,543,1,16
16,148,2716,81,988,1,54
33,52,4244,45,300,0,76
47,163,4104,94,239,0,60
27,114,3340,43,341,1,16
28,149,1955,94,532,1,98
23,100,3923,99,99,1,81
45,133,4884,33,393,1,77
22,181,2101,55,567,0,13
43,140,3552,13,507,1,25
44,39,2243,89,651,1,93
16,179,4382,84,786,0,88
34,90,1415,26,879,1,98
49,146,2248,24,49,1,77
48,150,3221,44,138,1,63
44,102,2006,10,143,1,95
10,54,3099,98,336,1,65
26,3,1968,47,560,1,16
37,80,1703,5,399,1,65
48,115,1668,48,168,0,68
47,51,4578,80,738,0,45
34,11,4238,4,196,0,35
25,25,4767,64,173,0,11
43,179,2111,98,258,1,57
36,37,1604,95,909,1,74
16,62,2860,45,343,1,59
13,195,1416,68,924,0,36
26,50,2804,63,52,0,93
37,63,2923,58,526,0,94
27,99,3682,16,129,1,29
33,49,2042,10,91,0,50
30,69,4994,98,949,0,17
17,90,2758,60,982,1,100
32,23,3452,32,915,0,72
24,124,2011,71,286,0,82
34,70,1301,36,144,0,100
29,29,2938,46,701,1,74
29,75,3566,13,85,0,14
45,177,2600,20,839,0,17
11,103,5000,81,898,1,58
30,88,1698,80,369,0,28
20,94,4486,8,525,1,37
15,175,4058,95,817,1,12
16,139,1998,60,994,1,41
42,88,4937,89,476,1,41
48,140,3146,46,926,1,26
38,123,3774,28,78,1,47
18,75,3213,13,690,0,75
36,134,2451,76,596,0,45
27,196,2564,17,998,1,41
44,196,2171,42,807,1,33
10,142,4699,11,141,1,47
45,34,4163,61,862,0,45
13,49,3683,11,74,1,84
40,199,4187,9,662,1,24
41,75,4115,45,387,1,19
17,37,3317,20,228,0,89
14,166,1151,44,476,1,76
28,133,2414,2,745,1,73
37,138,4553,25,57,0,90
18,44,3112,25,389,0,99
34,76,4300,100,973,0,14
35,76,4706,61,303,1,23
34,79,3728,33,491,0,41
34,138,4256,52,98,0,14
35,42,3296,23,965,0,68
27,167,2689,33,639,1,40
14,42,1355,37,407,0,18
14,117,4220,77,353,0,69
44,51,2417,60,122,1,85
34,65,4081,78,481,1,74
11,135,1596,81,799,1,21
23,30,2002,41,167,1,46
27,196,1779,64,648,0,86
41,39,1475,79,63,1,59
25,14,1101,79,577,1,65
50,172,4107,62,651,1,81
49,173,4226,26,445,0,11
36,111,1632,38,265,0,51
29,8,2069,82,52,0,32
26,110,1784,60,243,0,95
50,108,1522,9,980,1,95
32,191,4879,48,307,0,82
40,164,3439,54,733,0,33
40,76,4148,19,275,0,22
41,88,4210,46,138,0,68
38,77,3169,15,10,1,41
47,151,2782,42,386,1,74
38,54,3712,12,120,0,94
40,21,3370,25,566,0,99
28,43,1393,68,113,1,87
34,107,1965,75,47,0,91
41,122,1213,63,665,1,48
36,87,4757,84,354,0,93
23,47,4073,5,662,0,80
43,89,2581,61,938,1,80
28,133,4460,84,935,1,87
18,89,1534,27,547,1,72
20,101,4657,71,573,1,26
30,56,1984,20,814,1,60
27,149,2536,89,613,1,58
48,119,1858,67,137,1,95
34,90,2315,83,132,1,46
13,119,1997,90,178,1,99
16,98,3244,76,37,1,30
38,170,4187,12,949,0,82
32,35,4395,25,335,1,37
32,117,2612,74,423,1,57
18,73,2045,42,481,1,56
19,117,2367,40,463,1,88
28,121,1402,33,917,0,27
29,72,4874,31,689,1,67
50,51,3428,27,148,1,88
49,134,3951,36,935,0,23
45,2,3161,59,416,1,58
44,186,2465,52,168,0,85
43,129,4668,90,343,0,85
23,86,2531,49,372,1,27
41,97,2873,7,437,0,86
39,167,4024,77,708,1,36
13,120,3580,46,206,0,84
41,92,1884,51,798,1,26
24,124,4677,54,649,1,91
21,156,2770,48,282,1,53
10,170,4635,96,348,1,62
24,144,3244,53,923,0,93
24,151,3427,37,276,0,71
17,107,2050,87,506,1,15
38,44,4108,12,930,1,23
27,170,1922,10,569,1,38
41,85,3486,10,597,0,91
19,114,2180,88,412,0,27
49,80,4343,77,780,1,13
28,117,3027,22,553,0,19
33,65,2622,100,32,1,85
10,58,2136,71,402,0,90
21,5,4759,63,943,1,29
13,150,4510,89,745,0,60
48,75,2476,29,246,1,38
27,26,4915,49,864,1,91
27,79,4306,95,738,1,70
17,20,3214,89,208,0,79
47,42,4910,75,325,1,20
45,103,1048,8,419,0,82
49,18,4275,87,573,1,60
42,146,1763,100,621,0,63
17,157,4200,17,374,1,45
29,35,1970,84,26,0,90
21,193,1513,15,694,1,76
15,143,4931,88,984,0,20
28,184,4806,97,234,0,22
28,150,1377,64,114,1,25
38,114,2826,78,809,1,57
21,63,2534,86,478,0,48
25,65,4623,100,994,0,54
31,4,1375,4,235,1,63
43,179,4504,29,102,1,71
46,105,1141,96,308,1,72
15,132,2942,69,601,0,27
35,190,3022,65,984,0,36
12,130,1208,65,931,0,65
32,198,1894,38,474,1,66
29,159,2366,42,485,0,62
49,108,2113,96,412,1,69
12,137,4935,96,927,0,85
24,29,3314,70,521,0,69
33,3,1465,59,765,1,75
34,162,1231,38,617,0,14
42,152,1462,10,182,0,30
14,16,2993,74,339,0,17
44,51,4735,23,435,1,74
39,131,4668,65,301,0,99
45,101,1322,82,68,1,69
28,60,4998,42,544,0,34
42,197,2810,29,167,0,90
14,196,2482,30,122,0,11
14,150,2300,38,41,0,35
47,10,1780,16,29,0,59
26,28,4654,54,93,1,52
46,36,1821,94,121,0,96
42,93,4616,56,30,0,22
11,188,1027,16,625,1,87
42,123,1972,46,265,0,29
33,56,2383,87,912,0,98
14,115,1482,58,539,0,53
15,81,1952,71,32,0,46
24,51,2851,34,769,0,48
22,111,4113,66,868,0,24
27,110,1639,73,353,1,74
28,121,3186,28,849,1,40
11,134,1828,70,327,1,11
17,47,1583,87,111,1,81
26,62,4253,75,874,0,31
46,191,2566,48,80,0,18
14,65,2813,15,862,1,50
42,51,4436,40,289,1,50
17,57,2753,5,616,1,77
20,84,2477,29,469,1,73
47,2,4825,92,133,0,96
49,3,1387,22,563,1,38
11,36,4114,80,884,1,82
23,75,1835,80,980,1,31
45,65,2391,100,207,1,62
10,185,3577,34,830,1,85
16,34,2451,23,358,1,68
43,6,4152,95,676,1,90
39,183,3689,5,869,0,42
17,103,1129,87,925,0,22
33,63,4515,33,241,0,70
15,134,1400,87,388,0,93
15,117,1809,86,288,1,86
43,52,1077,14,744,0,42
42,157,4621,13,900,0,75
47,1,3518,61,34,0,17
34,186,1461,66,742,0,67
37,100,4443,46,473,1,43
27,75,1834,48,677,1,43
15,84,3844,57,908,0,82
26,45,1366,23,858,1,60
39,11,3157,71,498,1,70
16,39,1253,13,162,1,42
49,149,4427,70,672,1,48
12,153,3739,95,974,1,62
11,114,2430,94,13,0,95
37,11,1653,48,25,0,83
49,106,4355,73,433,1,44
20,47,4411,80,95,0,38
32,53,3649,38,305,0,73
46,185,4307,80,127,1,93
13,140,1729,42,817,1,41
13,112,2094,92,313,1,100
42,79,3896,44,587,1,59
32,105,1101,40,257,1,100
43,118,1630,98,835,1,16
43,145,2779,29,117,1,73
47,113,2362,33,95,0,94
18,92,2559,43,556,1,46
23,168,4119,99,44,1,98
34,152,1335,10,874,1,20
49,73,3305,53,248,0,59
28,140,4896,65,403,0,12
33,95,2175,39,127,0,63
37,89,3149,82,151,0,23
24,147,2304,68,319,1,54
42,152,4462,3,698,1,42
25,187,1749,92,36,0,58
13,13,2255,17,783,0,29
33,146,2874,79,826,0,34
24,70,1496,93,792,0,23
14,28,2009,87,96,1,41
46,71,3299,78,902,0,37
21,184,2776,92,883,0,45
49,115,3001,82,962,0,30
23,175,3553,89,792,1,78
35,130,1645,72,806,0,66
13,75,4186,60,271,0,92
45,161,2419,40,177,1,32
27,93,3777,96,941,1,96
20,157,2791,64,32,0,64
45,22,3720,37,368,0,19
17,58,4284,77,622,0,32
13,43,2722,14,125,0,23
35,9,3977,64,305,1,74
50,160,1581,62,110,1,60
13,58,3945,77,943,1,91
48,54,1654,92,561,0,64
12,50,1688,61,165,0,62
18,200,3733,33,245,1,18
32,12,1101,2,951,1,71
41,23,2602,35,218,1,96
45,145,4239,36,348,1,62
44,116,4508,87,829,0,24
46,94,3456,36,832,0,96
24,142,2220,28,796,1,72
18,83,1730,73,476,0,46
50,11,1610,7,833,1,88
19,152,1088,80,957,1,57
48,197,1455,17,782,0,89
33,30,3791,20,556,1,65
26,175,1039,9,25,1,33
10,9,3600,42,578,1,66
21,61,4388,34,580,1,67
20,105,4396,13,316,0,52
29,95,1608,40,578,1,50
16,114,4269,33,280,0,14
22,168,3517,15,510,0,75
50,156,4242,2,709,1,16
13,145,4194,43,736,1,80
11,136,3184,38,896,1,41
22,11,4121,64,254,0,29
27,155,1247,92,156,1,81
35,29,3472,1,223,1,24
47,130,2610,53,411,0,76
47,168,4036,5,444,0,83
38,139,2866,3,873,0,72
30,132,4171,25,248,0,87
40,150,1131,5,800,0,87
33,119,4473,41,183,0,84
11,28,2743,2,566,0,56
39,171,2499,89,466,0,73
40,37,4926,19,115,1,51
35,199,2584,43,444,0,32
36,162,1060,55,621,0,39
39,83,3662,47,616,1,13
24,48,3130,71,33,1,25
42,119,1502,76,173,0,92
30,12,3798,98,529,1,19
36,94,4053,23,828,1,85
43,9,4283,59,160,0,97
44,121,4712,43,369,0,94
31,10,3784,56,929,0,28
17,53,3510,60,202,0,42
19,132,2330,37,684,1,96
19,73,2669,57,214,1,47
36,118,4386,53,805,1,31
29,198,4101,69,490,1,49
44,135,3532,63,647,0,90
41,178,3501,59,795,1,26
11,5,2581,71,687,1,91
41,43,1932,16,281,0,26
16,130,4346,19,974,0,14
31,174,4829,89,490,0,68
41,36,3100,99,343,0,55
44,90,1641,12,650,0,36
27,63,4014,77,726,0,28
45,113,3154,89,198,1,30
46,77,1916,34,740,1,80
35,66,4818,1,656,0,83
20,57,3585,17,241,1,30
13,163,3517,78,220,1,50
23,76,3449,96,27,0,41
28,150,1025,53,488,0,99
15,71,3652,22,111,1,70
50,57,4196,67,633,1,34
29,60,1129,23,189,0,68
40,144,3388,39,683,1,16
36,39,3251,67,764,1,93
39,37,1889,47,545,0,75
25,156,4755,58,155,1,89
10,87,1309,57,451,1,46
34,123,4952,61,998,0,78
15,80,3185,38,649,0,17
39,111,1896,19,97,1,22
44,178,1699,6,447,1,92
49,127,3285,10,288,0,30
18,114,1165,72,162,1,69
34,136,2930,88,838,0,14
35,157,3966,96,761,1,33
38,102,4125,11,618,0,96
45,132,1233,43,592,1,31
41,79,3515,33,78,0,35
41,139,1817,12,510,0,83
12,66,1341,56,533,0,58
26,66,1128,93,905,0,84
42,30,2725,62,83,0,34
37,72,2029,59,96,0,97
10,80,3620,34,983,1,23
23,85,1597,25,570,0,73
40,57,4104,66,457,1,61
13,109,2006,39,165,0,72
47,174,1611,76,945,1,53
15,4,2334,62,478,0,32
12,163,3314,13,328,1,87
44,117,4796,10,159,1,47
41,40,4754,60,91,1,35
13,156,3945,4,903,1,41
33,104,1111,59,212,1,64
34,131,2638,41,802,0,13
37,49,2381,75,807,0,73
49,48,1567,46,885,0,81
50,138,4552,50,663,1,13
50,193,2884,5,237,0,40
16,185,3785,22,973,0,24
15,33,2689,73,281,0,39
46,42,1659,16,438,0,48
17,104,2988,87,313,0,25
30,149,2492,54,714,1,39
22,79,4465,42,953,1,89
26,109,1392,83,564,0,63
24,74,3247,97,500,1,69
40,79,1606,59,702,0,53
37,8,1681,65,128,0,98
12,45,4202,71,364,0,34
13,22,2027,8,547,1,36
35,155,3934,11,362,1,64
12,85,2832,9,475,1,45
27,33,4255,40,518,1,30
40,79,1744,47,771,1,62
12,118,1415,39,805,1,27
36,51,3274,93,136,1,63
14,60,1302,78,580,0,28
36,119,1563,93,287,1,36
13,101,2632,32,124,1,91
10,44,4687,29,831,1,93
13,70,3686,99,315,1,33
21,79,1532,98,537,0,45
39,122,3984,45,136,1,56
17,155,2683,19,746,0,18
38,13,4448,6,245,0,49
12,134,2936,36,734,0,75
15,117,2001,35,176,0,50
19,66,2718,80,150,0,30
27,89,4370,16,346,1,43
48,74,3284,45,294,1,25
18,193,2362,92,200,0,49
17,168,1145,47,30,1,65
38,82,1895,35,224,1,65
44,127,2067,6,819,0,30
16,53,1668,41,942,1,14
28,102,3765,78,318,0,89
23,107,1095,63,90,1,98
21,168,3668,40,703,0,87
20,37,3563,72,997,0,76
22,179,3612,82,611,1,90
18,43,1785,98,280,1,58
47,117,3107,39,355,0,94
34,91,2715,91,995,0,41
30,129,4814,45,38,1,17
22,63,4204,59,528,1,39
32,93,3761,32,167,1,44
15,45,4020,46,378,0,24
22,62,3423,66,269,0,21
24,140,3687,8,850,1,34
45,86,3189,69,885,0,75
48,71,2219,41,456,0,99
44,37,3933,66,548,1,100
36,57,1141,90,271,1,45
25,175,2794,96,299,1,72
41,47,4353,12,200,1,71
38,73,3408,40,443,1,94
28,106,3766,95,959,1,93
16,20,3321,77,745,0,12
21,171,2059,20,826,0,90
48,198,2969,28,98,0,59
35,81,3521,10,921,0,42
49,172,2527,21,199,1,92
44,41,4095,56,525,1,29
17,88,1923,64,320,1,47
26,181,4499,56,186,1,92
28,50,4132,62,499,1,76
40,127,2938,9,893,0,85
35,48,4246,99,363,0,14
22,110,3117,3,233,1,67
26,48,4120,16,993,0,42
29,133,4328,88,412,1,94
13,80,3003,41,194,1,100
44,32,3525,89,105,1,61
18,95,4651,85,410,1,72
23,1,4398,31,896,0,83
16,68,2915,95,491,0,85
24,9,1604,60,418,1,90
24,28,2995,46,424,1,45
22,108,3817,33,305,0,91
14,180,2689,68,894,1,29
40,84,3636,28,811,1,84
17,7,1192,92,418,1,58
19,161,1672,6,750,1,31
32,59,3350,68,914,0,96
31,144,1243,85,472,0,24
14,90,3503,66,121,1,50
32,38,1789,11,741,1,21
24,199,2701,85,737,1,48
24,40,1137,18,557,0,22
17,137,1712,49,710,0,47
41,129,1993,12,406,0,53
13,138,2229,38,984,0,34
45,28,1133,1,298,0,86
45,111,1569,8,217,1,35
36,178,3217,40,622,1,20
19,16,3147,34,311,0,60
12,14,1294,2,422,1,23
50,179,3165,94,637,1,46
16,91,3338,21,702,1,22
46,10,1983,81,778,0,58
16,11,1789,9,718,0,77
23,152,3380,4,283,1,30
14,63,2625,100,670,0,57
23,160,4743,71,50,1,70
28,1,3032,64,736,0,56
12,63,2098,60,959,0,64
35,86,4536,5,323,0,95
50,21,2226,20,928,1,22
15,177,2396,38,961,1,35
36,70,1698,81,441,1,63
49,200,1455,17,827,0,65
25,105,2021,28,674,0,64
28,39,2453,5,552,0,54
10,55,3810,31,377,0,25
45,192,2632,74,219,1,95
49,173,2123,4,976,0,13
13,141,4114,72,635,0,49
22,167,4631,16,885,0,47
21,193,4600,84,710,1,63
18,109,4420,62,73,0,68
12,109,4176,6,419,0,79
35,110,1105,84,553,1,93
19,70,1065,4,261,1,61
30,180,3598,72,163,1,45
23,64,2251,74,224,0,88
24,22,4507,54,881,1,80
41,22,4311,64,260,1,100
27,142,2757,4,537,1,47
26,121,4370,24,175,0,41
50,133,1197,75,897,1,31
14,185,1481,96,102,0,75
24,62,2098,17,24,1,72
23,187,2887,62,881,0,15
45,198,3234,12,890,0,92
11,178,4597,98,246,0,25
31,59,4165,12,622,0,90
17,176,3688,92,181,0,11
49,152,2430,3,233,1,42
10,135,3140,81,709,0,25
49,181,1433,23,458,0,60
36,119,2112,70,153,0,29
48,93,3647,48,234,0,60
44,94,1656,26,91,1,11
19,138,2446,34,306,1,38
43,149,1250,14,901,1,91
24,57,2256,79,386,0,48
18,117,1622,81,431,0,85
25,73,4588,86,553,0,12
31,40,3738,72,424,1,44
40,197,4965,84,910,0,63
27,41,4852,95,810,0,98
46,199,2488,41,777,0,60
19,69,2935,18,773,0,77
44,57,2438,46,938,1,78
15,150,1493,65,782,1,84
33,153,1307,23,289,0,20
37,152,2879,75,194,0,97
33,125,4214,25,376,0,94
26,100,4816,26,140,0,14
41,182,2097,58,801,0,67
45,141,2694,7,669,1,85
27,103,4648,53,769,1,76
14,163,3679,64,78,1,99
21,189,2368,63,516,0,13
12,113,1531,67,706,0,16
48,106,4833,43,273,1,34
43,173,4669,90,972,1,93
23,191,4366,18,107,0,13
26,190,2787,12,890,1,39
48,116,1542,57,291,1,21
15,59,2541,52,777,1,80
16,168,4246,35,359,1,95
10,189,4082,63,373,1,18
30,86,3544,81,867,0,29
17,137,2898,9,609,0,33
44,78,3256,65,576,1,46
43,64,1523,4,370,0,87
29,110,1656,65,662,1,82
26,60,1452,92,706,1,59
16,65,3286,74,551,1,32
49,46,1884,98,189,1,95
16,108,1932,58,797,0,84
38,69,1584,67,999,0,44
22,94,3002,46,305,0,59
19,49,4641,11,100,0,44
47,184,3949,27,308,1,25
28,48,1864,97,902,0,38
29,48,4441,17,281,1,51
31,117,1470,84,990,0,92
28,41,4607,5,985,1,89
49,69,1989,17,671,0,41
11,80,4528,28,104,1,37
39,80,1362,10,438,1,99
22,76,2454,52,740,0,35
24,57,3767,38,298,0,76
29,62,2310,24,127,1,15
31,152,3451,46,531,1,63
11,26,3464,30,126,1,49
38,133,2185,24,311,0,91
49,186,1297,20,760,1,32
29,151,3186,21,448,0,67
46,128,1872,83,416,1,12
28,58,2500,30,974,1,41
37,124,4803,39,922,0,14
17,84,1701,65,14,1,17
21,105,1115,25,861,0,88
32,23,4638,42,383,0,50
46,144,2896,64,753,0,74
15,140,4195,5,539,1,71
38,127,3119,53,644,1,25
10,55,3115,55,618,0,62
40,200,4259,50,489,0,93
15,88,2335,80,873,1,20
34,129,2180,36,566,1,70
17,35,4306,4,522,1,70
11,101,4183,82,940,1,29
34,14,2136,11,475,1,56
31,3,3893,55,651,1,24
35,58,3368,34,560,0,97
40,2,4528,20,275,1,13
20,94,3564,48,833,1,55
46,163,1920,10,810,1,78
19,50,1460,75,624,0,47
39,121,3557,5,295,1,78
24,32,2371,6,814,1,67
11,37,3831,46,627,0,90
35,90,4649,90,323,0,97
34,167,1434,21,997,0,86
12,76,2620,55,282,0,39
44,26,4155,100,842,1,16
42,196,1103,85,451,0,11
50,111,2519,85,333,1,37
31,19,4640,88,646,1,16
30,1,2664,47,407,1,28
30,191,4243,99,808,0,80
50,162,2925,23,140,0,64
16,171,1677,53,621,0,13
50,14,3421,91,774,1,63
10,99,3026,10,459,1,37
44,5,1679,32,934,1,75
13,38,2376,81,598,1,66
11,82,3846,10,357,0,76
45,22,2771,10,202,0,37
39,196,2294,85,119,1,57
11,159,3058,38,440,0,45
32,114,1992,75,742,0,27
11,124,1776,75,710,1,31
32,47,4435,5,794,1,61
32,115,4651,80,715,1,79
41,128,4245,25,239,0,70
35,26,1279,69,230,0,48
32,5,4569,68,887,0,55
46,196,1994,66,601,0,56
37,21,2592,59,242,1,66
38,96,2226,34,13,0,41
50,158,4785,98,241,0,80
17,179,3910,34,974,1,17
23,132,1173,9,768,0,77
39,95,1204,71,291,0,37
14,130,1531,53,111,1,82
42,188,2989,65,635,1,62
29,116,1733,44,173,0,64
20,9,2044,45,668,0,75
15,155,4257,26,524,0,28
23,82,2864,35,542,1,85
12,62,2791,74,845,0,18
13,10,1590,75,54,0,69
12,107,4680,48,257,1,53
27,157,1101,82,821,0,57
45,107,3212,19,409,1,99
13,183,1391,89,53,1,38
49,27,2839,70,153,1,34
24,41,4288,72,801,0,33
49,48,1340,95,725,1,50
34,17,3055,100,549,0,17
12,175,4964,76,712,1,13
14,175,2732,42,708,0,98
32,80,1690,10,778,1,92
13,13,4188,45,553,1,79
13,162,1332,92,356,0,12
41,101,3336,52,936,1,27
29,47,4018,25,295,0,54
30,97,4346,22,537,1,43
13,39,3815,59,469,0,58
45,86,3255,28,60,1,99
44,68,3113,83,855,1,40
17,82,4166,42,48,1,38
11,96,4026,77,409,0,16
29,199,1501,81,143,0,98
42,79,1591,52,585,1,52
48,128,4586,57,100,1,86
38,73,1724,84,978,0,94
13,166,1931,3,130,1,39
17,65,4271,31,136,0,27
16,169,2036,91,203,0,68
23,79,3254,25,859,0,22
14,137,1841,76,110,1,86
17,172,3004,22,348,1,25
29,83,2772,17,316,0,62
12,65,2118,17,185,1,85
20,176,2532,57,331,1,63
14,11,2849,68,755,0,38
26,89,3213,4,274,1,84
19,159,3997,77,125,0,78
30,17,4388,98,270,1,61
49,107,1865,5,72,1,28
33,29,4112,85,571,1,33
49,72,2257,17,278,1,12
30,142,4191,55,185,1,88
32,10,4000,42,52,1,41
24,23,4024,89,825,0,69
34,74,1602,60,485,0,36
46,198,3708,23,137,1,77
36,73,3733,26,645,0,53
48,130,1568,20,745,0,72
48,86,3563,48,704,0,89
33,58,4218,44,598,0,40
17,44,3677,80,958,0,37
15,11,4160,32,391,1,100
38,37,2877,59,641,0,21
44,81,3489,10,403,0,65
16,6,1916,40,626,0,25
29,15,4421,22,19,0,25
38,166,4528,42,841,1,84
35,164,3029,64,940,1,84
49,63,2835,51,82,1,63
20,199,1200,19,702,1,71
13,15,4718,84,301,1,18
28,25,1386,88,613,0,73
22,139,1894,74,920,1,53
46,82,4160,33,991,0,60
13,169,1063,18,947,1,84
22,66,2738,39,975,1,31
31,182,5000,29,840,0,55
39,185,3162,41,848,0,35
17,22,2054,26,278,0,25
28,109,2551,11,975,0,80
38,111,4150,54,851,0,29
28,17,2777,13,319,0,23
47,7,3120,17,875,1,35
41,130,4385,84,768,1,76
13,178,1259,16,820,1,25
32,100,4693,1,575,0,52
18,124,1725,94,450,0,28
10,197,3528,81,799,1,96
30,159,3892,66,632,1,73
45,60,4328,52,250,0,93
27,103,4544,35,117,0,49
24,14,1422,97,953,1,92
20,9,3634,10,670,0,80
36,108,1637,64,807,0,18
24,135,1222,76,828,0,49
32,153,4830,21,874,1,20
30,136,4551,98,603,0,54
12,127,4412,82,879,1,33
21,187,3192,10,27,0,68
21,127,2865,90,778,0,70
30,143,4971,19,763,0,12
42,161,2839,70,312,1,45
32,199,1184,5,256,1,64
50,108,3073,48,745,0,56
50,20,2943,90,112,1,68
37,196,2172,86,458,0,77
12,17,4243,99,521,1,61
18,77,3485,6,277,0,82
13,43,1221,3,421,0,28
41,195,4462,36,120,0,53
46,179,3821,96,101,1,13
14,150,3497,48,37,1,36
47,130,1794,98,536,0,53
17,177,1170,94,740,0,97
50,65,3716,50,764,0,56
38,167,2099,41,466,0,93
21,125,3997,28,260,1,10
42,149,1505,84,589,1,11
35,118,2739,100,202,0,18
21,181,2139,69,161,0,61
18,74,2666,36,411,0,35
33,61,2214,38,180,1,96
37,192,3684,53,35,1,74
29,32,2683,13,896,0,48
14,182,4527,95,379,1,50
50,161,1300,66,10,0,15
32,199,2500,35,524,1,22
11,193,1754,53,756,1,19
31,112,4832,48,835,0,18
23,45,2762,90,318,1,18
21,183,1218,56,245,0,84
10,114,1873,10,117,0,89
29,109,2836,18,866,0,30
20,14,1061,91,878,1,64
35,45,1583,18,998,1,99
20,167,4545,71,985,1,18
43,87,2472,86,947,0,97
33,121,1843,85,235,0,80
41,181,4862,55,529,1,88
47,168,4706,8,913,1,92
39,42,1349,45,622,1,57
35,76,4061,33,591,0,92
13,5,1426,72,594,1,81
42,47,1493,70,54,1,70
12,114,2064,45,180,1,48
33,53,3536,74,110,1,94
18,168,4965,17,432,0,51
13,148,3247,2,851,0,67
16,185,1157,86,798,1,81
49,132,4831,58,288,0,29
45,88,3601,96,946,0,21
26,86,1669,20,517,0,70
48,129,4208,54,346,1,82
17,37,3834,2,434,1,59
40,7,1741,92,568,1,79
47,199,1411,27,85,0,66
44,125,4943,40,274,1,60
49,25,1605,87,952,1,89
21,162,2990,32,417,0,58
27,153,4085,91,740,1,76
28,179,1362,84,565,1,92
16,103,1350,99,369,0,70
12,109,2199,52,110,0,82
24,182,4924,48,261,0,18
26,14,4725,33,793,1,90
47,123,3221,7,206,1,87
46,169,1532,40,744,0,79
46,137,4189,45,323,1,66
18,164,4091,5,639,1,23
39,135,2158,88,658,1,37
42,52,2691,30,261,1,94
41,148,1589,29,230,0,76
35,173,3446,52,978,1,36
38,8,3276,21,657,1,13
13,197,4829,4,648,0,40
10,66,3240,12,856,1,55
50,163,4486,63,986,1,25
42,140,1302,8,420,1,30
47,121,4767,29,338,1,86
21,109,1904,48,122,0,60
48,61,4505,49,724,0,92
30,179,2490,85,885,0,78
36,108,4105,18,829,1,94
47,31,1671,57,513,0,98
27,60,1942,8,534,1,46
20,128,4022,73,228,0,76
30,15,4429,88,988,0,84
32,32,2254,71,159,0,67
14,40,2033,43,573,1,27
13,155,1708,77,964,1,64
45,130,1291,44,326,1,100
16,92,3985,85,663,0,25
21,157,4320,24,86,0,15
31,3,1958,1,115,0,89
43,132,3256,73,771,1,89
15,191,1791,59,245,0,31
26,178,4957,35,615,0,56
11,18,2542,73,233,1,23
41,162,1915,93,182,1,58
35,52,2856,77,722,0,78
44,170,2984,27,861,0,95
40,58,2067,36,861,0,92
27,184,1917,39,258,0,67
13,117,1341,86,563,1,19
23,39,3508,67,850,1,84
15,167,1807,4,327,1,51
42,73,2491,48,505,0,46
21,89,2150,28,810,0,33
38,69,4882,10,914,0,26
33,156,4997,18,926,1,75
46,46,2863,99,613,1,68
28,149,2560,56,973,1,58
12,74,3110,92,574,1,51
46,108,4307,55,60,1,83
10,21,3551,30,331,0,62
20,79,4433,71,380,1,34
47,16,3011,60,693,0,52
40,114,3468,88,153,1,11
34,26,2510,27,17,0,71
26,32,1294,60,548,0,20
11,75,1084,26,897,1,17
15,114,4410,34,303,1,17
18,144,3650,100,619,1,46
27,38,1120,66,479,0,96
44,184,4361,64,751,0,95
11,164,4259,70,399,1,45
26,69,3523,43,399,1,47
18,3,3433,45,58,0,24
41,8,3937,95,428,1,13
12,51,1946,14,717,1,78
21,132,2712,74,534,1,98
48,53,4821,67,74,0,60
14,133,2810,41,633,1,78
29,140,2980,79,52,1,41
24,66,3499,78,237,1,82
38,130,1156,43,918,0,83
41,141,3893,47,939,0,91
37,15,1265,64,883,1,75
20,11,3970,44,829,1,88
33,54,1763,28,728,1,99
20,75,1691,12,922,1,33
46,85,4083,97,127,1,47
33,59,1260,25,645,1,78
28,105,1839,1,40,1,79
10,133,2337,95,103,1,94
30,11,3834,7,980,1,38
24,155,2628,90,413,1,49
20,34,3564,16,388,1,96
11,28,1036,4,16,1,48
44,155,3200,19,290,1,14
45,164,3719,88,943,0,79
46,124,4714,23,956,0,76
28,14,4929,51,140,1,27
46,78,3458,26,685,0,50
41,143,1757,10,636,0,33
27,1,3401,84,263,0,71
15,37,1032,31,493,0,43
26,44,3666,87,796,0,95
46,193,2138,14,403,0,91
20,114,3737,87,542,1,76
10,104,4398,10,557,1,49
22,88,4596,30,460,0,77
44,112,3928,9,209,0,19
18,104,4881,4,742,1,59
12,90,3821,61,678,1,23
27,167,1071,66,712,0,68
40,42,1850,86,694,1,39
47,136,1131,11,691,0,88
40,131,4929,68,475,1,38
45,138,1555,71,885,0,25
38,193,3969,76,460,0,90
13,176,2406,79,293,0,92
42,150,1622,29,219,1,70
21,19,1899,25,784,1,48
10,33,1381,76,693,1,29
14,57,4620,67,830,1,10
30,10,4942,60,827,0,24
23,175,4510,64,275,1,83
17,39,4986,68,389,1,93
45,71,4738,46,873,1,99
11,193,1699,82,236,1,15
10,164,4627,87,600,1,88
42,12,4841,61,535,1,57
23,160,3500,28,781,1,52
20,164,4180,76,491,0,49
17,99,3646,35,971,1,85
42,136,2399,35,511,0,45
15,155,4791,82,912,1,73
42,65,1022,30,823,1,77
14,65,3693,67,129,1,64
50,160,3086,51,656,1,95
16,103,3973,60,536,1,50
31,150,3257,95,653,0,81
14,145,3280,89,917,1,51
14,43,1456,35,55,1,91
15,78,3968,73,942,1,25
38,40,2430,69,395,0,20
10,97,4651,30,871,0,67
47,80,1684,96,124,1,31
28,42,1492,44,768,1,57
16,113,1558,47,477,0,36
42,18,4633,90,169,0,81
44,75,1427,23,312,1,42
12,139,2204,47,244,1,43
30,102,4094,10,642,1,58
37,166,1479,89,676,1,73
32,156,1948,78,771,0,23
41,71,3507,19,234,0,52
23,92,4641,5,44,0,31
49,151,2834,86,439,1,25
47,170,3040,74,493,1,75
37,197,4319,43,352,0,27
32,45,4716,15,410,0,83
18,61,3583,86,690,1,21
23,22,4081,34,706,1,95
22,47,1658,82,162,1,77
15,43,3035,21,154,1,84
10,49,1336,48,875,1,58
11,111,2131,75,615,0,56
16,100,1721,53,643,1,11
21,167,2874,33,276,0,44
14,61,3299,51,762,0,13
41,122,1006,74,236,0,94
16,2,1825,52,874,1,86
45,45,1654,3,869,1,98
28,67,1138,68,125,1,50
16,109,1814,94,968,1,80
40,170,2303,25,78,0,80
43,93,2676,30,678,1,52
48,37,2868,79,123,0,61
42,200,4043,72,128,0,88
39,20,1860,4,119,0,91
13,125,1964,28,377,1,80
31,197,1536,95,950,1,44
27,34,4257,31,710,1,17
46,197,1072,64,553,1,40
36,42,2294,93,121,1,53
24,179,2650,98,303,0,21
16,57,3876,26,941,1,97
30,188,4007,49,838,0,59
40,139,3813,69,386,0,25
32,114,4801,87,337,0,82
19,89,1239,56,173,0,77
31,24,2847,90,532,1,68
34,76,3908,89,531,1,19
36,42,2586,21,267,0,87
14,194,2467,32,555,1,75
29,90,4059,79,255,1,74
45,40,3103,52,191,1,60
15,42,3692,65,850,1,18
47,60,2477,32,381,1,21
40,87,3373,91,695,1,84
48,58,4030,90,92,0,47
47,75,4154,31,31,0,43
14,135,1693,79,884,1,10
49,164,3263,92,21,1,67
38,135,1447,13,653,0,60
17,181,2125,74,705,0,89
46,93,2287,59,792,0,74
41,43,2940,76,302,0,13
36,74,2289,27,489,0,40
30,128,4859,100,893,0,20
33,99,2108,17,599,1,32
26,159,1672,1,907,0,59
46,125,1538,32,300,1,15
21,25,2583,50,618,1,30
46,16,4986,31,283,1,95
49,105,2037,81,169,0,20
38,143,3920,97,272,1,18
42,52,1169,57,813,1,98
42,179,3040,4,491,1,84
48,74,1684,73,909,0,45
46,134,1919,36,940,1,41
40,144,4581,82,107,0,31
10,144,2580,53,802,1,45
50,130,4498,86,547,1,27
43,73,4545,88,713,0,93
32,11,3619,61,498,1,24
25,85,2378,82,974,0,80
29,125,3112,43,528,0,83
14,53,3883,79,892,0,49
46,184,2768,71,654,0,23
24,31,4439,28,613,1,23
48,87,4302,78,705,1,45
11,15,4481,70,929,0,94
30,37,1964,53,337,1,78
22,97,4831,65,530,0,86
31,128,3916,36,777,1,92
40,36,4755,39,610,0,10
44,94,4433,67,120,1,18
38,146,2920,62,615,0,85
14,106,2529,84,794,1,15
47,182,2233,99,639,0,78
30,99,1963,97,206,1,27
31,125,3769,19,863,1,18
34,194,1093,13,623,0,48
24,20,4763,19,695,1,30
17,71,1042,63,485,0,33
49,169,3127,10,499,0,38
48,181,3904,88,454,1,13
35,82,3789,85,101,1,94
28,66,1299,100,794,0,14
40,171,2661,15,861,0,27
44,142,2114,61,52,1,59
20,151,3983,80,82,0,80
29,189,1959,16,530,0,74
27,50,3170,29,750,0,68
15,126,3526,51,283,0,76
44,1,2673,46,261,1,36
12,173,4661,52,349,1,25
33,92,1602,96,779,0,17
35,17,3606,45,427,1,55
47,134,4798,64,585,0,51
28,67,2136,40,347,1,18
37,21,4344,5,860,0,73
23,160,2070,5,924,0,14
36,8,1860,17,306,0,45
15,151,2312,36,45,1,53
16,71,1653,96,921,0,99
26,198,3558,61,252,0,13
10,15,3622,96,848,1,18
22,152,1328,45,787,0,34
38,98,4461,99,882,0,64
46,156,1355,82,478,0,52
44,98,4369,29,724,1,15
48,60,1789,39,762,0,25
47,146,4730,14,769,0,31
29,135,3351,95,665,1,64
35,148,2378,45,692,1,15
14,73,4158,12,487,1,100
16,163,3630,66,112,1,80
18,11,1512,14,554,0,17
45,149,3650,100,47,1,77
36,6,2265,46,657,0,62
28,135,3543,61,324,0,64
29,24,4373,7,977,1,83
13,63,3849,35,825,1,12
48,112,2480,97,943,0,59
22,93,1585,94,256,1,69
42,187,1962,46,906,0,16
35,130,4165,42,632,0,40
50,153,2989,83,801,0,96
27,23,2415,52,478,0,71
49,150,2278,58,428,1,22
22,83,2041,76,33,1,55
26,124,3743,8,39,1,19
33,68,1521,15,393,0,62
33,175,4168,50,437,1,62
19,193,1401,70,470,1,53
23,41,1175,59,877,0,53
25,26,2024,7,797,0,68
45,131,3889,39,469,1,89
48,193,4660,100,668,1,29
28,128,1542,44,275,0,64
49,91,4183,41,706,1,58
38,26,4803,66,224,0,64
20,23,2906,2,111,0,81
37,123,4504,25,234,0,10
47,75,4795,87,954,1,78
32,46,3248,68,605,0,58
39,62,1578,39,233,1,13
18,68,1131,18,929,0,57
16,55,4996,99,775,0,34
14,72,4468,83,872,0,32
12,147,2678,2,508,0,28
41,171,1944,73,769,1,89
13,107,2298,15,505,1,27
47,161,1511,85,737,0,46
25,130,4311,12,183,1,55
39,181,3477,98,99,1,33
48,171,2735,14,438,1,77
17,46,3150,22,95,0,83
44,132,3232,8,649,0,95
23,153,1865,66,841,1,50
44,179,4204,53,413,0,64
17,24,3573,56,481,0,46
11,175,3218,52,546,0,95
21,82,3154,23,176,0,19
23,20,1429,20,95,1,34
24,135,2519,10,77,1,25
11,87,2941,61,478,1,41
27,59,4643,14,480,1,44
21,144,3354,62,470,0,46
35,91,1536,19,658,1,74
32,178,2148,76,133,0,59
13,147,1978,8,443,0,52
12,28,1323,74,910,0,98
45,160,1804,42,679,1,50
33,144,3660,32,104,0,49
44,28,2427,1,274,0,20
29,67,1179,12,175,1,57
24,127,2808,3,145,0,36
19,161,1165,16,493,1,87
40,5,3676,37,80,0,48
37,190,2404,78,954,0,17
20,117,3736,90,925,0,24
46,142,3670,93,743,0,37
34,41,3183,75,72,1,99
24,75,4004,55,918,0,31
12,1,1210,51,606,1,72
38,162,4276,82,496,0,17
46,91,3480,38,108,1,15
25,17,2636,52,959,0,18
14,122,3594,15,669,0,77
37,75,1276,76,389,1,61
25,91,4778,52,717,0,52
26,191,4777,54,705,0,23
35,165,2784,21,880,1,50
13,32,4852,26,166,1,21
37,158,1009,96,635,0,75
11,144,1709,15,916,0,29
48,13,3609,31,107,0,20
22,55,3390,44,76,1,69
13,186,2444,16,567,1,18
40,86,4695,86,288,1,18
27,22,2441,92,129,1,34
35,200,4636,3,204,0,10
39,138,3955,91,493,1,15
20,113,1426,37,169,0,51
29,172,1081,52,737,1,67
10,98,1938,36,123,1,40
44,136,3737,47,796,0,44
18,40,4144,41,676,0,29
45,168,4162,8,795,0,77
11,61,4127,40,553,0,71
32,178,1107,57,327,0,79
39,197,3962,68,118,1,56
31,192,2574,29,49,1,23
15,140,4990,76,411,1,10
19,133,2812,47,352,1,83
24,195,4301,72,666,0,48
48,23,1012,20,550,1,63
19,181,2649,87,50,1,99
48,71,4837,8,200,0,17
19,10,1099,51,844,1,41
24,40,4575,75,226,0,26
25,49,2049,15,667,0,88
17,25,2155,80,156,0,38
36,161,1678,8,959,1,71
16,162,1323,8,510,0,65
24,93,1968,70,807,1,99
49,99,2203,92,12,0,45
27,116,3796,74,824,0,26
40,28,4014,61,837,1,18
27,52,2181,70,746,0,10
45,58,4087,48,621,1,95
13,168,4003,87,241,0,75
37,164,1941,65,18,1,77
37,81,1754,2,221,1,99
17,141,1580,78,352,0,87
16,191,1247,87,289,1,94
40,126,1727,8,169,0,39
40,24,4815,14,969,0,99
43,179,3809,53,785,1,19
25,196,4223,14,389,0,13
13,122,2889,72,560,0,78
22,45,3306,58,471,1,45
15,7,3820,33,191,1,57
13,79,3390,17,593,1,47
16,121,1419,2,686,1,43
27,173,3258,70,876,1,18
33,185,3014,71,285,0,42
20,103,3506,22,795,0,25
29,171,3822,43,720,0,85
21,76,2127,27,472,0,38
25,95,1545,13,690,1,19
20,107,2266,60,177,1,69
49,101,1821,71,633,0,50
24,66,4212,100,609,1,86
46,30,1662,37,178,0,75
32,186,2017,97,866,1,100
30,4,2061,63,540,1,49
31,37,1316,87,377,0,53
46,51,1217,8,435,0,53
19,74,4139,13,454,0,78
40,96,1279,2,473,0,36
14,191,1011,5,201,0,90
47,47,2428,90,536,0,51
47,121,4285,39,402,1,51
50,136,2316,3,866,1,83
11,78,2629,73,889,0,14
28,88,1151,33,399,1,76
31,123,3790,75,230,1,41
42,146,3449,27,333,1,17
40,121,3454,64,943,1,96
17,34,3763,84,991,0,45
21,139,1645,46,232,0,11
27,10,3312,42,92,0,93
40,154,2703,35,943,1,94
20,159,2002,23,621,0,92
38,184,2640,90,730,1,63
13,171,1445,55,489,0,98
28,171,4810,44,618,0,88
31,2,4169,8,81,1,44
45,128,4062,26,403,1,33
48,129,1939,38,772,0,57
26,198,1768,35,984,1,45
22,177,4513,5,264,0,67
13,139,2644,66,241,1,77
11,23,3524,57,709,0,61
29,153,2493,36,955,0,78
13,120,1810,25,942,0,29
16,157,1182,91,634,0,79
35,55,1228,55,746,1,58
30,56,1037,73,712,0,58
15,193,3263,65,828,1,36
36,155,4354,47,104,0,84
42,154,2810,23,584,1,21
16,124,2126,57,19,1,28
26,200,3686,94,774,1,68
38,178,2127,52,717,1,19
44,183,3677,31,786,1,89
29,193,1525,3,693,0,62
26,66,1797,24,203,0,39
18,131,2991,91,563,1,39
39,107,1276,44,676,0,40
24,150,1899,77,281,1,70
42,148,4747,99,589,1,48
30,46,2252,37,749,0,19
41,126,2329,67,489,0,59
21,17,3964,34,944,1,15
14,20,2015,60,877,1,23
31,146,3118,12,124,1,52
17,199,2350,50,346,1,21
22,89,4332,58,988,1,92
24,63,4841,43,597,1,24
26,163,4433,44,88,1,46
37,189,4605,28,718,1,88
15,68,2082,12,452,0,88
28,156,4736,88,701,0,31
36,168,4894,30,799,0,57
19,82,2159,94,688,1,39
28,50,2217,58,70,0,37
30,35,4279,16,347,0,77
42,50,3377,90,222,0,64
49,188,3972,99,450,1,38
29,91,2374,14,90,1,88
47,192,4142,98,15,1,75
46,52,2602,22,248,1,18
41,174,4773,96,814,0,74
12,16,3861,51,86,0,15
49,66,3242,86,836,1,48
49,91,1884,22,161,0,60
32,180,1584,70,127,1,71
20,113,4134,18,820,0,27
16,58,1827,51,600,0,35
44,94,3792,48,963,1,38
21,33,1219,69,351,1,76
14,12,4389,36,914,1,17
33,175,3969,43,448,0,18
17,81,3171,19,895,1,22
43,150,3520,73,934,0,28
10,27,4708,41,448,0,85
37,192,3258,13,614,0,81
23,166,3566,69,615,0,11
16,37,2346,23,71,0,66
45,15,2390,65,807,1,94
44,191,2498,95,880,0,85
14,175,3363,99,531,1,92
28,141,4897,30,503,0,82
23,87,1080,43,481,1,48
40,31,3471,54,838,0,78
29,112,1701,96,246,0,78
45,135,1750,4,246,1,95
43,182,4320,46,786,0,34
10,156,1010,35,640,0,55
28,26,4146,25,105,1,81
41,145,2662,28,727,0,93
17,129,3463,99,181,1,64
46,42,4625,46,672,0,29
10,89,1516,70,75,1,49
29,149,2202,6,953,0,91
30,110,1506,30,776,0,42
45,29,3360,53,245,0,65
34,53,3686,37,553,1,72
35,2,2887,23,285,0,12
15,157,2832,28,54,0,77
27,22,3905,53,342,0,87
18,194,2255,56,895,1,19
13,103,2648,57,974,0,41
28,4,4535,61,40,0,15
23,197,2621,92,827,0,74
46,125,3913,89,857,1,54
13,112,3740,8,189,0,55
25,28,4719,82,524,1,72
45,23,3276,85,669,1,59
20,51,2306,1,146,1,36
12,54,4185,8,835,0,60
44,115,1806,61,148,0,51
41,140,3259,78,605,0,21
24,200,3059,15,412,0,88
49,113,4803,16,26,0,49
22,186,2783,78,132,0,45
28,124,4365,68,381,1,60
14,28,3863,78,195,0,45
29,106,1573,45,479,1,39
24,100,4192,61,446,1,82
37,37,2714,20,520,1,94
38,154,1766,64,590,1,95
30,139,1900,43,370,0,23
29,32,4358,16,918,1,73
40,81,4015,14,754,1,39
10,29,2334,51,443,1,72
28,9,3937,39,998,1,31
33,164,3894,57,585,1,77
13,139,4161,40,818,1,85
24,69,1563,3,700,1,94
31,177,2199,68,704,1,41
18,103,1852,97,39,0,17
15,121,1344,74,237,1,18
26,128,1173,89,767,1,56
11,32,4993,35,978,1,12
30,67,3098,89,988,0,52
32,102,4247,6,308,0,26
36,138,1707,97,987,1,88
42,197,4688,81,336,1,54
31,77,4830,71,361,1,35
10,97,3256,90,178,1,28
18,125,4711,15,402,1,20
42,123,3370,33,374,1,90
36,188,3501,65,453,0,56
24,116,4837,20,698,1,57
17,25,3686,26,213,0,42
38,27,4164,1,771,0,89
23,60,4167,15,337,0,95
43,100,4199,4,633,0,67
37,48,1815,47,340,1,47
50,187,4836,85,807,1,15
31,23,2308,7,282,0,59
23,72,1945,68,566,1,73
22,158,4202,89,599,1,25
30,108,4804,4,612,1,22
11,76,3432,66,522,0,75
48,101,4157,80,126,1,79
49,94,1522,100,731,0,79
26,119,2369,45,594,1,45
26,147,1119,100,702,1,21
49,8,2873,79,584,1,50
16,42,3889,50,138,0,59
15,93,3782,100,929,1,37
15,113,3387,68,516,1,10
18,43,2575,92,672,0,66
46,133,3898,20,328,0,54
19,28,4562,59,677,0,80
15,195,4631,90,73,1,22
23,104,2637,57,335,0,100
45,49,1751,40,469,1,61
27,47,2156,25,425,0,93
45,184,2261,76,799,0,35
44,174,1130,36,303,0,32
49,92,2965,10,691,0,78
41,119,1270,40,809,1,60
49,174,2757,46,545,0,45
48,158,3406,100,746,1,30
35,54,3687,27,442,0,29
32,93,1393,47,127,1,64
16,42,2349,6,802,1,83
10,20,4296,35,220,1,75
24,104,3138,69,105,1,84
48,154,1158,95,60,1,37
28,1,1120,53,952,1,72
23,102,4266,39,794,1,88
41,107,1179,72,401,0,30
25,50,2343,27,491,0,49
19,20,4950,58,499,1,75
20,39,3766,84,591,0,39
32,4,1308,23,935,1,75
32,83,4314,69,541,0,65
39,103,4254,43,464,1,90
46,198,1279,59,740,1,42
25,151,2130,45,136,1,60
36,180,4424,4,990,0,79
13,21,3985,12,695,1,100
43,155,1867,2,743,1,59
40,126,4161,27,535,1,90
20,73,1150,22,658,1,15
43,126,2457,82,548,0,65
29,90,1909,86,162,0,82
38,198,3436,85,44,0,34
18,168,1470,34,202,1,39
41,1,4034,65,257,1,33
18,6,2641,98,389,0,13
44,159,1464,68,551,0,70
45,183,3654,30,502,0,27
28,115,1289,3,584,1,76
26,51,4909,34,727,0,84
42,144,1205,49,610,0,49
36,149,3146,11,613,1,25
11,82,1014,85,297,1,89
16,126,3953,36,723,0,67
12,175,2923,20,21,1,43
15,103,4181,34,648,0,49
11,86,4036,43,21,0,41
35,199,3825,1,626,0,37
32,160,3372,59,943,1,12
43,67,2826,22,82,1,43
30,173,4187,67,585,0,69
46,177,4994,52,486,1,82
43,72,2038,65,940,0,49
11,112,4026,22,911,1,15
26,20,3268,90,763,1,96
20,77,3195,30,336,0,78
15,80,1077,45,707,1,69
19,167,4693,53,566,0,66
42,173,2705,56,70,1,86
42,166,2815,19,373,1,25
32,81,4966,71,782,1,33
29,35,3769,58,84,0,97
21,133,1712,97,874,0,22
47,9,2822,67,901,1,67
16,82,1504,28,601,1,42
45,35,2998,29,586,1,19
12,1,3938,45,694,1,96
24,99,2906,62,536,1,38
18,32,1360,33,393,1,90
41,161,3169,49,450,0,69
22,51,2847,89,759,1,46
29,82,1686,26,127,0,48
14,17,4076,21,774,0,83
50,63,2196,2,702,0,10
35,159,1921,66,178,1,30
25,53,1505,9,292,0,48
21,159,4450,86,707,0,22
28,145,3594,15,575,1,83
37,3,3155,8,20,0,50
17,196,3237,33,447,1,28
49,78,1301,50,835,0,33
41,115,3312,63,375,0,45
35,184,4942,75,768,1,90
22,55,2938,57,789,0,35
35,102,3088,55,440,0,100
16,103,2006,76,884,0,78
12,200,4824,76,545,0,54
33,192,2118,26,237,1,56
23,32,3905,44,701,0,41
46,94,4804,57,937,0,51
31,121,3202,5,382,0,14
21,129,3616,95,761,0,49
11,94,4816,69,843,1,49
49,115,4621,1,394,0,87
23,126,4132,86,333,0,54
31,172,2942,18,923,1,53
13,42,1303,28,687,1,50
24,119,2231,89,33,0,51
43,100,4543,86,781,1,87
15,65,4255,14,896,1,61
35,35,2968,67,69,1,70
33,187,3305,86,487,0,70
17,145,2329,46,831,1,96
15,122,3713,10,965,0,94
25,151,1729,27,436,0,29
19,7,1384,31,226,1,92
30,86,3407,90,401,1,40
49,142,2003,31,540,1,36
11,120,4575,5,694,1,45
49,75,3167,37,950,0,64
32,127,4409,10,567,0,24
34,104,2766,87,570,1,24
23,190,3988,20,55,1,58
12,102,4441,39,597,1,18
28,125,3958,39,847,1,65
39,39,1070,89,681,0,54
36,40,1093,89,747,1,39
41,22,4859,76,117,1,36
24,3,4310,49,808,1,63
17,14,2162,8,181,0,70
41,96,3739,81,718,0,87
18,90,4143,3,110,0,74
31,169,4000,6,146,1,98
45,9,1789,90,68,1,27
38,94,3096,1,985,0,93
48,144,3636,86,838,1,45
16,66,2122,18,539,1,16
50,67,4359,37,422,1,57
15,140,1112,35,141,1,76
10,129,4076,26,258,1,34
25,30,4105,79,675,1,73
16,120,1744,29,433,0,88
16,96,2680,61,273,1,28
47,6,3469,54,283,0,28
36,98,4314,35,77,1,31
36,3,2899,2,760,0,70
24,9,3163,19,99,0,31
31,42,3959,47,514,1,65
19,135,1948,66,24,1,25
10,85,1431,25,518,0,54
22,194,4868,47,718,0,29
39,162,2569,9,49,1,98
28,145,4567,97,252,0,64
28,14,4396,85,535,1,81
49,104,1589,34,756,0,12
31,152,1944,84,889,1,59
35,34,1278,39,281,0,55
29,64,3976,51,334,1,51
16,132,1157,12,818,0,97
36,135,3978,86,164,1,82
18,157,2956,51,517,0,25
45,81,1769,23,44,1,54
31,87,1573,4,716,1,85
40,32,2953,60,652,0,35
41,184,1983,15,752,1,73
37,23,2220,6,499,1,80
16,9,2109,99,141,0,77
12,153,4297,58,277,0,85
22,77,4751,44,566,0,15
42,174,1366,41,343,1,38
14,120,2024,9,429,0,58
38,131,2852,52,231,0,74
15,174,3850,29,917,1,93
29,52,4051,1,462,0,42
49,36,4233,43,160,1,62
14,88,4268,44,915,0,21
49,52,1572,66,309,1,70
33,1,4951,16,312,0,62
24,15,2901,80,782,0,30
13,169,1550,92,901,1,67
22,167,1138,91,388,1,72
39,184,4076,78,376,0,88
43,64,1785,18,769,0,33
42,143,4218,95,555,1,50
27,173,3707,3,262,0,58
18,129,1777,34,248,1,19
45,87,3057,47,634,0,63
45,18,4597,70,824,0,12
49,159,3951,50,922,1,74
40,41,3106,44,877,1,21
31,170,4959,19,614,1,98
45,18,1282,60,204,0,75
20,159,3500,5,328,0,34
37,176,3434,82,270,0,38
50,69,4262,88,213,1,18
10,183,3553,51,40,1,28
30,150,3128,1,829,1,73
49,94,4102,9,196,1,97
36,85,1364,25,331,0,40
13,182,1316,49,515,0,80
12,195,1340,84,95,0,92
42,87,2206,28,948,0,16
25,28,4323,74,456,0,59
47,102,3694,33,379,0,93
21,109,4514,90,620,1,45
27,184,3117,89,131,0,41
33,111,3258,27,767,1,32
14,32,3329,92,136,0,11
27,200,4601,44,416,1,40
45,160,1839,67,814,1,46
42,128,2825,90,943,1,95
30,61,4961,36,602,0,40
42,33,2662,74,788,0,13
35,78,2022,80,82,0,37
10,137,1056,7,530,1,36
43,180,3826,98,457,0,67
30,44,2679,9,688,0,99
12,200,4001,59,953,0,29
32,16,1798,52,171,1,41
23,72,1711,47,516,0,85
21,71,3759,75,937,0,56
29,3,3830,31,417,0,74
30,166,3268,92,973,1,67
28,112,1238,48,232,0,50
21,149,2994,99,964,1,79
50,93,3871,45,18,1,90
43,81,3244,63,973,0,56
14,56,2623,84,499,1,96
40,15,4031,74,681,0,68
27,7,3900,67,878,1,47
50,17,2160,95,921,0,32
35,6,3484,34,995,0,82
43,20,2259,53,17,1,94
49,85,2956,70,178,1,25
19,53,2196,32,370,0,31
38,166,4555,9,348,1,89
28,190,2792,63,75,1,74
37,173,4582,95,670,0,25
38,120,4722,41,53,1,66
15,150,3205,28,615,0,14
30,81,2867,1,311,1,85
22,10,4811,62,396,1,78
40,107,1647,20,954,1,50
24,171,3481,62,422,1,30
15,111,3027,59,502,1,28
16,1,4340,13,571,1,35
22,194,2176,14,408,0,25
20,52,3232,38,48,0,96
50,124,2574,30,718,1,63
36,124,2244,6,146,0,30
34,70,2117,42,48,0,80
22,63,1731,59,595,0,92
41,28,4528,51,645,1,19
43,60,2099,75,848,1,92
35,135,2703,41,273,0,79
33,82,1225,62,683,1,37
31,143,1151,22,242,0,88
47,10,2166,67,356,1,93
18,17,3204,73,903,1,71
42,167,2986,81,719,1,92
20,51,3521,98,309,1,15
29,20,3109,42,169,1,15
48,5,1503,84,264,0,84
12,191,2952,91,980,1,13
13,169,1588,97,443,0,65
46,128,3625,67,911,0,59
48,84,3635,49,436,1,21
29,113,3172,80,112,1,60
22,12,1093,51,472,1,21
18,113,2753,79,87,0,92
41,189,4746,60,510,1,75
16,1,3701,41,255,1,11
38,76,4045,14,893,0,60
23,118,4651,27,984,1,61
16,90,4992,79,758,1,74
15,161,2262,13,688,1,61
46,95,3204,42,988,1,40
47,138,4273,11,494,1,39
48,142,4640,81,366,1,44
43,61,1102,38,971,1,31
25,137,4796,90,453,0,38
45,92,4088,67,179,0,32
13,87,4386,4,469,1,70
30,172,4654,18,525,0,73
33,12,4395,98,844,0,51
44,71,4220,58,908,1,80
39,185,2010,57,120,0,91
21,110,3929,7,467,0,70
28,93,3958,77,486,1,70
44,31,1718,81,843,1,49
46,200,2497,82,754,1,89
26,74,4231,87,989,0,23
22,57,1208,15,127,0,69
32,69,1814,90,276,1,44
35,68,4473,48,610,1,16
27,94,1405,31,496,0,72
34,99,1466,2,679,1,48
43,181,3556,21,93,1,32
47,24,3868,7,661,0,43
11,29,4474,71,873,1,99
47,184,4863,44,792,1,86
37,68,3744,76,746,1,55
20,43,1451,68,337,0,42
44,63,4865,52,279,0,47
36,97,1297,79,546,1,57
45,42,2962,93,97,1,11
22,164,3970,78,500,1,48
43,183,1711,83,883,0,100
18,154,1583,83,466,0,70
30,136,3338,97,361,1,87
20,9,3548,29,387,1,18
38,109,1570,37,121,0,56
45,21,3319,44,942,0,55
47,144,3425,60,443,1,45
30,176,2767,2,130,0,40
13,57,4968,21,801,1,66
31,125,4655,81,942,0,99
28,170,2269,7,483,0,52
15,38,1594,22,956,1,51
13,53,4850,81,825,1,44
38,198,3411,84,432,1,79
46,195,1733,46,477,1,14
34,92,2278,77,290,0,55
39,93,4914,32,242,0,21
30,159,4007,39,165,1,69
17,69,2840,25,872,0,47
30,42,4444,23,367,0,75
19,176,4602,97,623,0,36
42,166,3125,52,663,1,49
15,32,4980,42,259,1,16
34,50,3283,4,55,1,79
25,55,1548,78,470,0,38
23,177,3406,78,880,0,13
29,96,3472,32,733,1,59
15,174,3603,52,28,0,43
46,1,4019,3,612,0,41
19,26,1526,9,625,1,53
20,139,2005,86,649,1,38
20,7,3038,8,300,1,91
13,64,4004,35,902,1,61
45,32,2133,18,979,1,92
45,175,2630,60,704,1,40
14,40,1021,57,882,1,91
13,79,1042,77,929,0,85
27,194,4494,17,635,1,38
50,71,4456,58,80,1,69
33,80,4010,78,276,0,57
46,31,3129,10,725,0,91
27,141,1985,74,419,0,30
18,70,4810,38,245,1,21
21,33,3909,68,748,0,33
35,8,1696,56,742,0,82
23,106,1916,86,610,0,75
32,75,1815,99,975,0,88
36,169,1866,57,751,0,94
34,105,4583,43,47,0,76
48,178,3583,18,507,1,34
32,60,2171,48,223,1,36
15,61,1567,28,252,1,84
28,3,2836,60,89,1,46
24,163,4374,64,68,0,92
41,183,3658,81,947,1,39
31,44,2740,7,671,1,16
17,143,2140,63,585,1,43
32,94,1472,50,224,1,49
38,39,2022,37,111,0,38
20,143,2841,23,737,1,82
21,134,3315,58,458,1,28
48,15,4208,53,345,1,15
33,83,1402,26,22,0,92
32,140,2782,76,284,0,65
35,162,2920,69,276,1,40
13,113,1797,98,197,0,35
48,29,1408,86,122,0,80
48,99,3119,36,963,0,96
11,63,3842,76,944,0,61
35,65,4313,67,779,0,25
15,116,4715,71,131,1,38
27,127,4354,33,201,0,81
10,38,1183,1,510,1,77
50,38,1760,55,375,1,14
19,103,2074,41,478,0,24
44,91,4603,19,96,0,90
39,196,2327,98,688,0,30
12,29,1557,28,66,0,30
48,22,3316,20,652,0,39
33,164,3170,15,983,1,92
39,79,4120,92,502,0,43
45,29,1463,89,402,0,80
48,197,3775,91,245,0,40
39,95,3791,61,623,1,76
43,147,1806,75,239,0,23
20,90,4768,74,782,0,95
14,121,3313,32,331,1,46
26,76,1308,72,837,1,93
40,20,2582,15,750,0,20
24,19,1737,86,701,1,59
38,104,1146,88,462,0,89
13,86,3251,62,233,1,92
19,146,2323,62,46,1,36
38,115,2075,8,292,1,100
48,49,3784,22,454,0,14
16,47,4655,46,670,0,15
33,169,3480,24,433,1,36
45,33,1282,83,782,0,84
26,17,1982,100,996,0,29
28,192,1521,46,912,1,10
26,58,1677,59,920,0,87
21,143,1183,88,584,1,81
27,44,3350,34,259,1,53
20,109,1789,7,524,0,47
40,192,3822,26,503,1,74
29,181,2050,43,14,1,66
14,112,1186,55,375,0,67
12,174,3981,3,347,1,55
16,78,1035,37,54,1,12
21,174,4597,44,247,0,12
50,57,2960,31,754,0,28
43,49,4899,19,965,1,43
43,9,3046,43,794,1,62
33,78,3865,44,306,1,69
35,141,1359,8,716,1,19
35,1,3517,23,51,1,86
17,150,4528,32,348,0,54
44,87,3001,53,334,1,100
17,11,1654,83,383,1,22
42,154,2506,72,26,1,13
43,67,2671,79,255,0,87
24,176,4160,54,53,0,70
41,192,1006,33,677,1,97
36,21,1012,59,503,0,55
16,78,1166,74,310,0,18
49,189,3607,28,751,1,76
25,148,3207,70,600,1,53
43,162,1071,79,742,1,36
34,96,4298,86,430,1,63
46,181,3911,58,280,1,20
26,21,4437,4,602,1,88
35,81,3812,5,528,1,97
30,105,3621,67,186,1,60
28,56,3515,31,854,0,47
25,106,2778,100,165,1,32
39,175,2985,13,457,0,72
33,18,1881,8,868,1,61
17,59,2247,39,64,1,89
48,69,3963,18,88,1,100
12,67,4087,66,637,0,76
20,190,4040,74,484,0,93
36,172,2658,1,876,1,16
15,44,2322,80,756,0,14
23,145,2814,51,275,1,81
18,192,4964,25,532,0,46
36,160,1805,82,16,1,64
11,187,3870,13,896,1,81
36,100,4516,79,200,0,76
13,48,1058,7,695,1,59
16,94,2924,8,177,1,34
50,8,3025,28,986,1,79
42,91,1193,98,223,1,86
18,159,3239,6,809,1,36
37,184,1635,82,913,0,90
20,136,4120,72,372,0,12
36,137,3167,70,755,0,59
35,103,1381,58,696,0,35
23,154,1725,64,87,0,49
13,19,2912,94,722,0,45
26,152,3966,95,628,0,15
40,156,2155,3,418,0,15
18,108,4089,80,762,0,86
48,56,1687,52,187,1,22
25,175,3839,54,94,1,72
26,85,4881,89,923,0,79
41,183,2767,1,903,1,58
15,88,1115,92,464,0,86
10,168,1506,78,360,1,21
27,189,4765,37,111,1,70
39,135,2313,29,27,1,30
32,20,3496,47,935,0,42
14,56,1304,33,835,1,35
29,98,4434,69,85,0,82
44,7,4859,76,358,1,48
14,63,2534,50,892,1,34
49,13,3857,62,839,0,45
10,149,4236,57,687,1,90
34,40,4173,53,252,0,10
15,19,5000,44,650,0,21
37,55,2912,90,596,0,77
30,86,1221,91,947,1,31
25,185,3798,29,748,1,66
35,153,2470,88,355,0,96
21,50,3156,31,150,1,11
23,106,4259,5,951,0,88
10,60,1254,14,774,0,53
48,158,2677,7,210,1,40
14,96,4048,50,97,1,72
49,6,3173,49,81,0,59
29,150,2369,80,68,1,64
50,50,3929,73,970,0,86
39,52,4091,95,477,0,24
31,176,1460,37,997,1,15
40,116,1919,77,44,1,23
38,93,1250,11,751,0,82
30,140,1348,20,405,0,98
41,139,3390,45,703,1,90
45,63,2364,70,148,1,23
30,14,1911,93,519,1,44
13,66,1007,76,356,0,26
11,166,1310,67,484,1,10
45,38,2503,92,552,0,83
27,6,1462,20,68,0,50
24,164,2066,83,29,1,12
47,145,2756,2,440,0,67
33,79,2686,2,972,1,66
48,193,2346,99,979,0,89
46,75,1760,20,199,0,61
49,95,4182,38,998,0,22
28,155,3801,68,79,0,22
11,140,1946,89,307,1,47
25,46,3823,12,108,0,40
22,152,1129,90,948,1,33
44,169,2745,85,789,0,85
34,124,1470,40,575,1,53
44,113,3453,10,959,1,11
30,192,3618,14,97,1,24
21,37,3836,71,342,0,76
48,69,4701,30,53,1,14
14,100,1861,88,584,1,91
47,121,4914,96,926,1,22
17,66,4598,76,785,0,90
22,141,1372,78,351,1,33
25,158,1106,33,200,0,52
32,113,2279,13,780,1,74
23,113,3088,10,948,1,94
42,198,1913,25,946,0,87
19,49,3238,46,386,0,63
34,80,4583,63,223,0,20
18,93,1132,45,296,1,38
48,158,2592,10,596,1,28
28,109,3754,72,949,1,72
49,154,3951,74,691,0,21
30,93,4235,14,272,1,71
49,126,3889,37,185,1,50
13,153,1124,28,776,0,37
41,186,4337,95,724,0,77
47,17,1901,45,578,1,32
43,167,3552,69,753,0,69
16,61,3572,79,235,0,91
42,180,4694,3,540,1,25
33,120,4304,20,180,0,45
22,44,2186,58,595,0,72
29,94,3301,39,831,1,70
48,172,3185,83,885,1,66
44,196,2677,32,989,0,73
13,32,2514,99,614,0,77
46,140,3960,38,206,0,31
47,4,1758,74,347,1,51
23,170,1795,1,702,0,90
26,165,4621,68,648,0,15
43,197,2643,92,35,1,85
45,125,4786,33,884,1,19
50,144,4880,62,745,1,20
11,51,3918,81,107,1,77
41,75,2684,14,192,1,12
50,79,4031,8,407,1,35
23,104,2513,10,107,1,21
38,31,3235,14,30,1,24
22,179,2368,82,53,0,95
25,174,1071,81,175,1,13
43,190,3697,85,21,0,43
25,181,1849,19,172,1,22
39,32,1510,66,599,0,44
44,123,1224,79,106,0,69
23,48,4009,24,246,0,27
36,196,4182,39,920,1,25
27,91,3151,83,280,0,65
10,148,1457,42,199,1,41
36,47,4301,60,676,0,85
23,128,3144,56,303,1,89
41,178,1047,8,293,1,15
43,94,4708,35,445,0,61
34,58,1502,40,644,1,67
49,119,1228,23,994,0,74
30,113,3441,81,174,1,86
38,90,1386,42,585,1,17
49,101,2724,48,931,0,27
44,175,4152,18,980,1,41
11,31,2017,49,928,1,79
32,198,2390,36,702,1,44
22,71,1800,90,384,0,16
18,54,3554,55,740,0,91
23,59,2733,53,186,1,74
19,27,4553,47,47,1,61
35,85,4958,11,526,1,47
16,94,2225,9,567,1,35
39,170,4141,100,788,1,68
12,171,2079,30,22,0,29
16,105,3276,96,543,1,19
14,89,4017,36,396,1,70
17,110,3838,95,834,0,68
11,96,3445,46,877,0,98
16,92,1697,39,524,1,55
42,143,3190,85,432,0,24
32,23,4991,8,737,0,71
28,114,2308,71,419,0,68
41,113,4352,87,587,0,87
21,115,2059,9,566,1,11
20,78,2115,19,668,0,86
39,23,4729,30,602,0,77
10,52,3796,93,136,1,58
47,106,1740,64,478,0,64
38,50,3081,81,422,0,33
28,98,2572,39,280,1,87
23,103,4149,29,569,1,11
36,167,3662,47,430,0,15
32,97,4052,87,828,1,23
46,40,2547,87,986,0,95
34,128,3504,81,695,1,94
26,135,3445,59,212,1,96
41,163,1041,59,866,1,80
43,89,4291,4,833,1,85
38,60,4774,33,377,1,48
49,32,4227,51,60,1,57
19,188,3551,23,101,0,38
24,17,3080,22,146,0,70
15,23,4605,35,992,0,74
27,145,2206,21,416,0,43
48,108,1356,59,429,1,52
17,83,4163,42,810,0,43
27,127,4864,63,450,0,70
46,175,2733,51,421,1,37
35,130,1865,13,436,0,46
18,120,1852,17,958,1,49
10,32,1159,98,578,1,49
28,160,4316,68,179,0,51
18,97,4685,21,355,1,91
43,157,3975,89,807,1,58
34,46,4491,22,348,0,21
43,125,2156,30,589,1,41
31,16,3396,65,777,0,69
21,142,4924,20,547,0,86
25,169,1253,73,839,1,14
12,172,2424,82,857,1,46
50,149,4076,29,444,1,62
16,3,2476,55,314,1,48
34,184,1796,33,911,0,60
39,27,1727,43,415,1,24
25,90,1609,82,926,1,13
36,54,3457,53,768,0,38
19,151,3088,44,745,1,82
49,110,1000,67,785,0,69
32,176,4969,41,917,0,97
13,96,4677,88,77,1,97
38,33,2109,44,478,1,59
17,162,3136,4,192,1,30
39,162,4455,88,840,0,99
12,26,4132,58,869,1,42
12,99,2684,81,224,0,21
15,116,3524,7,774,0,85
43,68,4071,59,267,1,88
36,115,3775,63,334,1,80
19,173,4883,8,169,0,10
16,156,2078,49,382,0,71
37,160,1709,80,827,0,24
46,82,4720,5,573,1,86
24,190,2035,41,352,0,64
50,182,3598,38,134,1,17
48,95,3519,54,950,0,60
24,106,4109,3,83,1,73
32,71,3135,81,566,1,77
26,30,1655,38,843,1,77
14,138,2867,59,731,0,22
29,102,4800,35,447,0,46
21,18,4574,13,726,1,57
23,105,1816,12,376,1,47
26,26,4521,16,161,1,35
47,164,1272,99,393,0,37
10,18,3994,24,997,0,55
28,93,3244,39,862,1,19
24,97,4641,53,682,0,14
48,115,1907,16,923,0,73
10,168,1174,63,839,1,88
46,35,3856,72,636,0,17
24,94,1054,97,924,1,10
10,142,1111,32,332,1,68
37,116,1616,96,21,0,21
29,73,1163,28,84,1,27
34,18,2743,22,862,0,77
12,176,2258,43,847,0,14
28,175,2049,94,624,0,93
30,198,2307,27,644,0,80
18,79,2035,65,152,1,18
42,180,3207,84,216,0,82
10,114,1693,42,167,1,85
20,177,4890,61,565,0,34
37,22,4533,81,89,0,60
42,154,1055,86,304,0,63
29,95,3962,93,274,1,100
46,52,3856,81,142,1,13
10,178,2558,63,567,0,59
34,159,2561,8,460,1,45
48,148,3967,56,387,1,12
24,200,4171,23,629,0,53
25,3,1304,63,942,1,99
33,163,1206,55,752,0,58
27,5,3826,51,727,0,91
20,25,4166,25,22,0,35
46,130,4399,3,43,0,84
30,118,2961,71,306,1,99
50,54,2660,11,749,1,100
34,175,2923,32,200,0,58
49,60,4294,100,535,1,81
36,114,4176,87,32,0,44
46,190,2757,88,909,0,32
32,51,1819,38,602,0,38
50,75,1196,92,875,1,32
28,100,4679,16,441,1,88
40,146,4917,5,566,0,92
34,5,4619,33,336,0,25
21,165,3707,16,768,0,68
21,199,4407,96,804,0,76
16,159,3504,35,399,0,68
13,107,3543,86,632,0,37
39,65,2382,23,966,1,51
45,69,2413,50,139,0,19
21,58,4234,74,614,1,16
17,176,4447,32,38,1,72
23,165,4144,27,958,0,45
10,83,2750,100,67,0,36
28,129,2617,74,696,1,25
17,189,2135,37,584,0,41
37,37,2275,4,927,0,15
27,74,2702,40,755,0,34
18,80,1881,76,846,1,80
15,127,2133,43,920,1,10
36,197,3101,41,749,0,66
36,130,3131,50,115,0,41
20,99,1458,84,994,1,72
42,72,3527,70,73,0,26
45,192,2855,13,771,0,59
49,7,1862,82,464,0,95
26,200,3768,97,299,1,21
33,47,3378,87,478,1,96
34,177,3145,79,148,1,59
19,88,3802,68,620,1,46
47,167,1834,94,787,1,54
36,105,1667,70,433,1,12
26,127,3223,11,367,0,26
32,72,4101,96,585,0,58
16,3,1629,95,969,0,11
20,177,3587,51,776,0,93
11,158,4805,1,764,0,14
14,86,1397,24,480,1,66
41,12,3763,14,718,0,86
16,38,4739,68,64,0,48
38,159,2859,30,741,1,93
28,33,1528,29,549,1,59
30,38,1941,69,817,0,82
16,76,1329,34,458,0,32
31,4,4305,67,110,1,32
38,120,3837,61,651,1,38
36,106,3221,31,840,1,23
47,189,1496,82,506,1,17
49,100,2847,27,99,1,74
31,17,3224,39,567,1,82
17,167,2567,86,596,0,41
49,193,2842,63,26,1,50
24,33,1009,21,515,0,21
18,127,4844,5,334,0,45
21,165,2817,87,916,0,53
30,59,4774,65,939,1,87
27,192,2516,94,881,1,98
44,189,1468,64,400,0,93
23,177,1886,22,338,1,64
50,163,3546,49,277,0,33
35,4,2989,43,117,0,15
34,62,1408,66,602,1,75
10,73,1582,36,701,1,49
18,82,4769,10,301,1,68
25,187,4852,55,162,0,45
13,150,1226,14,991,0,44
37,150,1543,13,531,0,19
32,126,3977,92,718,0,49
12,185,2201,5,591,0,80
29,130,4920,58,444,0,34
41,78,4917,86,663,1,63
34,186,3361,48,902,1,73
37,144,2562,91,318,0,48
18,195,3096,61,814,1,49
36,192,2394,48,916,1,53
49,180,4669,75,489,1,25
26,115,2354,50,902,1,64
12,36,1828,93,751,0,81
32,70,1030,84,604,0,25
17,98,1815,85,270,1,37
35,17,2200,17,312,1,16
29,106,4482,56,132,0,24
49,78,1357,49,263,1,38
25,11,4041,96,402,0,40
44,25,3493,72,757,0,75
39,101,2325,31,614,1,62
16,148,1913,100,196,0,35
15,99,1893,54,680,0,16
21,114,1642,5,72,1,93
18,67,2545,25,842,0,85
41,140,1775,56,160,0,59
21,93,4458,91,717,1,44
21,3,2579,48,829,1,74
16,166,1833,45,579,1,29
42,195,1373,85,985,1,80
10,16,2726,94,670,1,86
47,113,2786,22,776,0,17
26,94,1483,12,239,0,64
25,89,3567,79,667,0,46
38,85,4651,7,926,1,37
40,97,4865,72,927,0,22
31,39,1096,68,873,0,93
13,6,3289,68,208,0,31
28,10,1963,38,221,1,56
36,93,3099,38,752,0,45
12,195,3680,84,218,1,100
17,115,4305,48,188,1,17
42,143,1385,73,506,1,25
39,50,1235,67,782,1,30
35,136,4254,60,522,1,39
45,181,1935,8,513,0,90
25,25,3280,57,303,0,41
37,82,3147,99,623,1,84
39,157,2354,100,307,0,31
23,105,2442,89,871,0,11
31,80,2294,46,922,1,93
34,93,4720,68,250,1,21
45,35,2611,22,842,0,78
36,99,1371,75,867,1,32
16,55,2529,55,11,0,77
48,181,1248,56,53,0,58
41,162,3518,66,195,0,56
21,134,4813,85,948,1,47
23,52,2823,98,43,0,54
37,192,4204,74,749,1,93
42,191,2165,28,141,1,32
23,166,4599,47,570,0,90
38,105,1052,69,57,0,54
34,4,3547,65,877,0,60
23,197,3564,35,795,0,66
26,13,2657,38,507,1,70
39,54,1975,100,869,0,25
43,151,1098,61,763,1,42
50,20,4748,66,354,0,32
41,99,1401,42,494,1,33
33,113,4301,34,451,0,11
16,20,1492,28,740,0,32
20,84,2073,27,689,1,10
34,126,1318,95,992,1,72
29,178,3974,8,269,0,80
11,87,1429,28,668,0,30
14,120,2549,15,156,1,31
30,125,1583,72,876,1,92
38,46,3207,53,734,0,65
39,11,1130,11,700,1,56
47,191,2689,69,920,0,96
38,4,4932,74,25,0,20
15,56,4001,5,647,1,97
43,109,4612,23,342,0,59
16,71,4046,49,863,1,53
23,168,2720,37,74,1,22
27,61,4279,37,435,1,16
38,33,1255,45,459,1,39
35,90,2151,18,615,1,85
34,60,3972,41,321,1,78
17,78,4689,38,899,0,14
39,150,1625,87,275,0,45
36,157,3182,7,665,1,25
15,173,2916,10,224,0,11
44,115,4446,82,732,1,56
47,121,4617,51,487,1,27
36,133,3954,4,90,1,55
26,13,3980,65,583,0,46
31,46,3413,13,570,0,29
31,70,1543,96,700,1,18
42,174,4850,24,721,0,46
42,19,2053,78,80,1,55
15,69,1517,88,506,1,12
21,184,3128,81,41,1,61
27,135,1555,54,66,0,37
20,75,1208,20,323,1,69
21,8,3778,97,638,1,24
16,97,4114,48,734,0,91
38,87,4804,69,195,1,45
20,163,1536,85,433,1,32
41,109,1382,76,670,1,41
17,147,3450,67,829,1,56
42,172,2717,75,938,1,74
47,151,4219,18,151,0,73
38,129,1195,23,708,1,27
39,104,3562,90,429,0,14
37,69,1069,25,66,0,84
25,53,1179,53,479,1,31
16,75,1395,64,52,1,13
46,66,4604,97,451,1,70
34,132,4785,100,825,1,81
17,168,1349,60,334,0,40
20,164,3194,22,279,0,16
24,2,1446,1,56,0,84
36,152,3704,16,939,1,21
46,21,1792,54,866,0,66
18,72,1823,99,449,1,89
45,177,1286,78,81,1,20
25,125,4461,77,336,0,12
20,140,4703,31,409,1,21
19,196,3756,23,498,1,33
